track_id,track_name,track_artist,track_popularity,track_album_id,track_album_name,track_album_release_date,playlist_name,playlist_id,playlist_genre,playlist_subgenre,danceability,energy,key,loudness,mode,speechiness,acousticness,instrumentalness,liveness,valence,tempo,duration_ms,playlist_clean,energy_dance_ratio,acoustic_energy_ratio,tempo_energy
4cOVTA2GfYTHw99AJDQpHo,The Worst In Me,KAYTRANADA,67,5FQ4sOGqRWUA5wO20AwPcO,BUBBA,2019-12-13,2020 Hits & 2019  Hits – Top Global Tracks 🔥🔥🔥,4JkkvMpVl4lSioqQjeAL0q,latin,latin pop,0.784,0.645,10,-7.325,0,0.402,0.00936,0.000132,0.117,0.59,109.978,226720,2020 hits & 2019 hits top global tracks,0.8227030322665404,0.014511605408363708,70.93581
3KkXRkHbMCARz0aVfEt68P,Sunflower - Spider-Man: Into the Spider-Verse,Post Malone,88,35s58BRTGAEWztPo9WqCIs,Spider-Man: Into the Spider-Verse (Soundtrack From & Inspired by the Motion Picture),2018-12-14,2020 Hits & 2019  Hits – Top Global Tracks 🔥🔥🔥,4JkkvMpVl4lSioqQjeAL0q,latin,latin hip hop,0.76,0.479,2,-5.574,1,0.0466,0.556,0.0,0.0703,0.913,89.911,158040,2020 hits & 2019 hits top global tracks,0.6302623286021991,1.1607491424861327,43.067369
3FGiFUJRRp5RGikVrs6kig,Underdog,Alicia Keys,73,01aNLzRaKJogmxt3hDeII2,Underdog,2020-01-09,2020 Hits & 2019  Hits – Top Global Tracks 🔥🔥🔥,4JkkvMpVl4lSioqQjeAL0q,latin,latin hip hop,0.655,0.722,0,-4.726,0,0.048,0.556,0.0,0.133,0.298,90.099,208208,2020 hits & 2019 hits top global tracks,1.1022883934528342,0.7700820358974573,65.051478
3H3r2nKWa3Yk5gt8xgmsEt,This City,Sam Fischer,76,5waiE6DS2ntWF3Q0yekJUm,This City,2019-12-13,2020 Hits & 2019  Hits – Top Global Tracks 🔥🔥🔥,4JkkvMpVl4lSioqQjeAL0q,r&b,hip pop,0.602,0.377,11,-6.213,1,0.0446,0.731,0.0,0.0808,0.518,73.877,194853,2020 hits & 2019 hits top global tracks,0.6262448069023141,1.9389868992389943,27.851629
0rIAC4PXANcKmitJfoqmVm,Motivation,Normani,83,2r6BEK0wzXbL8JHyCkeJkG,Motivation,2019-08-16,2020 Hits & 2019  Hits – Top Global Tracks 🔥🔥🔥,4JkkvMpVl4lSioqQjeAL0q,latin,latin hip hop,0.599,0.887,4,-3.967,1,0.0984,0.0192,1.21e-06,0.3,0.881,170.918,193837,2020 hits & 2019 hits top global tracks,1.4807988634409626,0.021645973341630955,151.604266
7HMmFQsKsljwTw8bS7lu19,Rare,Selena Gomez,88,3YPFaTR7WMi1Hd4NVKdCJx,Rare,2020-01-10,2020 Hits & 2019  Hits – Top Global Tracks 🔥🔥🔥,4JkkvMpVl4lSioqQjeAL0q,latin,latin hip hop,0.838,0.545,5,-6.713,1,0.0706,0.208,8.01e-05,0.103,0.631,114.998,220590,2020 hits & 2019 hits top global tracks,0.6503572191441299,0.3816506758703194,62.67391000000001
6TqXcAFInzjp0bODyvrWEq,Talk (feat. Disclosure),Khalid,82,6KT8x5oqZJl9CcnM66hddo,Free Spirit,2019-04-05,2020 Hits & 2019  Hits – Top Global Tracks 🔥🔥🔥,4JkkvMpVl4lSioqQjeAL0q,latin,latin pop,0.901,0.4,0,-8.575,1,0.126,0.051,0.0,0.0599,0.346,135.984,197573,2020 hits & 2019 hits top global tracks,0.4439506726407629,0.12749968125079686,54.393600000000006
5Xhqh4lwJPtMUTsdBztN1a,Me Gusta,Shakira,79,4IcQ1ni07PmlOenqwf6MgG,Me Gusta,2020-01-13,2020 Hits & 2019  Hits – Top Global Tracks 🔥🔥🔥,4JkkvMpVl4lSioqQjeAL0q,r&b,hip pop,0.775,0.696,1,-5.184,0,0.0681,0.0559,0.00184,0.157,0.775,92.007,190570,2020 hits & 2019 hits top global tracks,0.8980633573376033,0.08031597655750494,64.036872
27rdGxbavYJeBphck5MZAF,Nothing Breaks Like a Heart (feat. Miley Cyrus),Mark Ronson,79,2hBfao8GWZwHlUGDB8HVQO,Nothing Breaks Like a Heart (feat. Miley Cyrus),2018-11-30,2020 Hits & 2019  Hits – Top Global Tracks 🔥🔥🔥,4JkkvMpVl4lSioqQjeAL0q,r&b,hip pop,0.601,0.794,7,-5.844,0,0.0671,0.00987,1.36e-06,0.388,0.244,114.066,217467,2020 hits & 2019 hits top global tracks,1.3211292493689695,0.0124307148227773,90.568404
1tNJrcVe6gwLEiZCtprs1u,3 Nights,Dominic Fike,86,1DNx0H5ZX1ax3yyRwtgT4S,"Don't Forget About Me, Demos",2018-10-16,2020 Hits & 2019  Hits – Top Global Tracks 🔥🔥🔥,4JkkvMpVl4lSioqQjeAL0q,latin,latin pop,0.815,0.518,7,-6.594,0,0.0897,0.223,0.0,0.104,0.877,151.891,177667,2020 hits & 2019 hits top global tracks,0.6355820422306231,0.43050109941872694,78.679538
1mpD5Q8IM32I4bF6eCpU74,Up All Night,Khalid,87,2pSH41L4EXqhGHyTjM2dA2,Up All Night,2019-11-14,2020 Hits & 2019  Hits – Top Global Tracks 🔥🔥🔥,4JkkvMpVl4lSioqQjeAL0q,r&b,hip pop,0.665,0.712,1,-7.536,1,0.0527,0.00103,0.00342,0.102,0.669,93.989,157220,2020 hits & 2019 hits top global tracks,1.0706750816916064,0.0014466271817033967,66.920168
2plLJpUcYPFrl1sW2pMG63,Lights Up,Harry Styles,74,4Aag1alBrdk2TFnATVmn8D,Lights Up,2019-10-11,2020 Hits & 2019  Hits – Top Global Tracks 🔥🔥🔥,4JkkvMpVl4lSioqQjeAL0q,latin,latin hip hop,0.585,0.62,3,-8.09,0,0.0327,0.0426,0.00224,0.15,0.281,101.939,172227,2020 hits & 2019 hits top global tracks,1.0598272481585502,0.06870956659747322,63.20218
6oJ6le65B3SEqPwMRNXWjY,Higher Love,Kygo,87,4wquJImu8RtyEuDtIAsfcE,Higher Love,2019-06-28,2020 Hits & 2019  Hits – Top Global Tracks 🔥🔥🔥,4JkkvMpVl4lSioqQjeAL0q,r&b,hip pop,0.693,0.678,8,-7.159,1,0.0324,0.0154,6.05e-06,0.101,0.404,103.952,228267,2020 hits & 2019 hits top global tracks,0.9783535665893701,0.022713830805559283,70.479456
3yNZ5r3LKfdmjoS3gkhUCT,bad guy (with Justin Bieber),Billie Eilish,83,6lMlX68jJrx67hiCqdiDvW,bad guy (with Justin Bieber),2019-07-11,2020 Hits & 2019  Hits – Top Global Tracks 🔥🔥🔥,4JkkvMpVl4lSioqQjeAL0q,latin,latin pop,0.67,0.453,0,-11.265,1,0.295,0.252,0.33,0.117,0.68,135.055,194840,2020 hits & 2019 hits top global tracks,0.6761183938531434,0.5562901627148726,61.17991500000001
1ToprX3cpBiXoAe5eNSk74,Eleven,Khalid,83,66o9dDjDduf6jpvZKzAXm4,Eleven,2020-01-09,2020 Hits & 2019  Hits – Top Global Tracks 🔥🔥🔥,4JkkvMpVl4lSioqQjeAL0q,latin,latin hip hop,0.701,0.396,4,-10.182,0,0.119,0.112,0.0209,0.223,0.115,129.004,206361,2020 hits & 2019 hits top global tracks,0.5649064694629538,0.282827568617251,51.085584
7h0d2h0fUmzbs7zeFigJPn,HIGHEST IN THE ROOM (feat. ROSALÍA & Lil Baby) - REMIX,Travis Scott,89,1Sf8GsXG32t0jNrX11xqWx,JACKBOYS,2019-12-27,2020 Hits & 2019  Hits – Top Global Tracks 🔥🔥🔥,4JkkvMpVl4lSioqQjeAL0q,latin,latin pop,0.559,0.491,2,-6.406,0,0.0346,0.0567,0.0,0.0992,0.114,153.131,244874,2020 hits & 2019 hits top global tracks,0.8783526326428752,0.11547837988110005,75.187321
070hrICPvpyzXkbqkRC7Ao,RITMO (Bad Boys For Life) (Remix) *,The Black Eyed Peas,35,1WbcLdDqpfZza3TlvzFJJj,Bad Boys For Life Soundtrack,2020-01-17,2020 Hits & 2019  Hits – Top Global Tracks 🔥🔥🔥,4JkkvMpVl4lSioqQjeAL0q,latin,latin pop,0.794,0.798,10,-4.791,0,0.0602,0.0651,9.18e-05,0.233,0.629,105.069,228571,2020 hits & 2019 hits top global tracks,1.00503651758625,0.08157884513929181,83.84506200000001
1M4qEo4HE3PRaCOM7EXNJq,Adore You,Harry Styles,91,5SL9nXZYZZl68bHwaM8uLa,Adore You,2019-12-06,2020 Hits & 2019  Hits – Top Global Tracks 🔥🔥🔥,4JkkvMpVl4lSioqQjeAL0q,r&b,hip pop,0.676,0.771,8,-3.675,1,0.0483,0.0237,7e-06,0.102,0.569,99.048,207133,2020 hits & 2019 hits top global tracks,1.1405308572028738,0.03073925974155675,76.36600800000001
5ry2OE6R2zPQFDO85XkgRb,Money In The Grave (Drake ft. Rick Ross),Drake,88,00HZxSA1sOS9T3nA950sg4,The Best In The World Pack,2019-06-15,2020 Hits & 2019  Hits – Top Global Tracks 🔥🔥🔥,4JkkvMpVl4lSioqQjeAL0q,latin,latin hip hop,0.831,0.502,10,-4.045,0,0.046,0.101,0.0,0.122,0.101,100.541,205427,2020 hits & 2019 hits top global tracks,0.6040907291326966,0.20119481833701527,50.471582
14sOS5L36385FJ3OL8hew4,Happy Now,Kygo,81,6nAjd2MlBY1f1mNu6BsWLO,Happy Now,2018-10-26,2020 Hits & 2019  Hits – Top Global Tracks 🔥🔥🔥,4JkkvMpVl4lSioqQjeAL0q,latin,latin hip hop,0.693,0.575,9,-6.998,1,0.0801,0.374,0.0,0.252,0.492,117.999,211362,2020 hits & 2019 hits top global tracks,0.8297246324319878,0.6504336514197366,67.849425
6XHVuErjQ4XNm6nDPVCxVX,No Guidance (feat. Drake),Chris Brown,85,1BfLzaTFI5qKsAAk0Ae6aV,Indigo,2019-06-28,2020 Hits & 2019  Hits – Top Global Tracks 🔥🔥🔥,4JkkvMpVl4lSioqQjeAL0q,latin,latin hip hop,0.698,0.454,1,-6.756,0,0.151,0.123,0.0,0.155,0.137,92.932,260640,2020 hits & 2019 hits top global tracks,0.650428867580419,0.27092451338212914,42.191128
3ZCTVFBt2Brf31RLEnCkWJ,everything i wanted,Billie Eilish,97,4i3rAwPw7Ln2YrKDusaWyT,everything i wanted,2019-11-13,2020 Hits & 2019  Hits – Top Global Tracks 🔥🔥🔥,4JkkvMpVl4lSioqQjeAL0q,latin,latin pop,0.704,0.225,6,-14.454,0,0.0994,0.902,0.657,0.106,0.243,120.006,245426,2020 hits & 2019 hits top global tracks,0.31960181874741656,4.008871071684126,27.001350000000002
09oZ9eXQ2fo6YDrPzJqAoP,Outta My Head (with John Mayer),Khalid,75,6KT8x5oqZJl9CcnM66hddo,Free Spirit,2019-04-05,2020 Hits & 2019  Hits – Top Global Tracks 🔥🔥🔥,4JkkvMpVl4lSioqQjeAL0q,latin,latin hip hop,0.729,0.545,0,-7.818,1,0.0316,0.0174,0.000274,0.369,0.514,103.012,177067,2020 hits & 2019 hits top global tracks,0.7475984257909112,0.031926546923767105,56.141540000000006
3eekarcy7kvN4yt5ZFzltW,HIGHEST IN THE ROOM,Travis Scott,94,2uDTi1PlpSpvAv7IRAoAEU,HIGHEST IN THE ROOM,2019-10-04,2020 Hits & 2019  Hits – Top Global Tracks 🔥🔥🔥,4JkkvMpVl4lSioqQjeAL0q,latin,latin hip hop,0.598,0.427,7,-8.764,0,0.0317,0.0546,5.83e-06,0.21,0.0605,76.469,175721,2020 hits & 2019 hits top global tracks,0.7140456286862397,0.12786855300104685,32.652263
3Ey11v2aiX14s4wBaYbhlp,Don't Waste My Time (feat. Ella Mai),Usher,73,2veUi52T9SqSvwXJYd5aIT,Don't Waste My Time (feat. Ella Mai),2019-12-13,2020 Hits & 2019  Hits – Top Global Tracks 🔥🔥🔥,4JkkvMpVl4lSioqQjeAL0q,latin,latin pop,0.701,0.778,2,-5.076,1,0.201,0.125,0.0,0.0828,0.609,99.956,199720,2020 hits & 2019 hits top global tracks,1.109841498086308,0.16066817394836252,77.76576800000001
7aiClxsDWFRQ0Kzk5KI5ku,hot girl bummer,blackbear,94,37CqAwxTungNxKpIK5vSgE,hot girl bummer,2019-08-23,2020 Hits & 2019  Hits – Top Global Tracks 🔥🔥🔥,4JkkvMpVl4lSioqQjeAL0q,latin,latin hip hop,0.778,0.559,6,-7.109,0,0.0776,0.128,0.0,0.399,0.678,129.989,185093,2020 hits & 2019 hits top global tracks,0.7185080738970773,0.22897991237940538,72.66385100000001
1abFkY2jm6KDFMZ7RD9YJh,Painkiller,Ruel,74,68WyGdXBIZQZLezPVSDrxC,Painkiller,2019-04-30,2020 Hits & 2019  Hits – Top Global Tracks 🔥🔥🔥,4JkkvMpVl4lSioqQjeAL0q,r&b,hip pop,0.675,0.414,5,-6.508,1,0.0569,0.105,0.0,0.192,0.439,128.927,213598,2020 hits & 2019 hits top global tracks,0.6133324246927041,0.25362257579087977,53.375778
54yCP5dfn4uvU5h37aE8f4,Out Of Your Mind (feat. Swae Lee & Chris Brown),French Montana,75,1jJdkoOAj3Uk6Tbv3S4fsa,MONTANA,2019-12-06,2020 Hits & 2019  Hits – Top Global Tracks 🔥🔥🔥,4JkkvMpVl4lSioqQjeAL0q,latin,latin pop,0.718,0.882,4,-4.677,0,0.0521,0.0229,0.0286,0.102,0.611,95.005,194171,2020 hits & 2019 hits top global tracks,1.2284105453892125,0.025963689383572127,83.79441
1DFD5Fotzgn6yYXkYsKiGs,Piece Of Your Heart,MEDUZA,88,0cqRGWD3uc5Lggpducn5nD,Piece Of Your Heart,2019-02-01,2020 Hits & 2019  Hits – Top Global Tracks 🔥🔥🔥,4JkkvMpVl4lSioqQjeAL0q,r&b,hip pop,0.677,0.744,10,-6.806,0,0.0295,0.0404,0.00016,0.074,0.631,124.08,152913,2020 hits & 2019 hits top global tracks,1.0989644033022106,0.054301002283599076,92.31551999999999
1mzARUs2kMMxcKh1ome5aX,Safety (feat. DJ Snake),GASHI,63,1uezDIjS9R7NxGNy2wGlUS,Safety (feat. DJ Snake),2019-08-28,2020 Hits & 2019  Hits – Top Global Tracks 🔥🔥🔥,4JkkvMpVl4lSioqQjeAL0q,r&b,hip pop,0.755,0.828,1,-4.443,1,0.0356,0.0271,0.0291,0.0799,0.729,109.011,177781,2020 hits & 2019 hits top global tracks,1.0966872891559083,0.03272942907073784,90.261108
1HfMVBKM75vxSfsQ5VefZ5,Lose You To Love Me,Selena Gomez,93,3tBkjgxDqAwss76O1YHsSY,Lose You To Love Me,2019-10-23,2020 Hits & 2019  Hits – Top Global Tracks 🔥🔥🔥,4JkkvMpVl4lSioqQjeAL0q,latin,latin pop,0.505,0.34,4,-9.005,1,0.0438,0.576,0.0,0.21,0.0916,101.993,206459,2020 hits & 2019 hits top global tracks,0.6732659935326861,1.6941126643745164,34.67762
4yI3HpbSFSgFZtJP2kDe5m,Look At Her Now,Selena Gomez,86,4O04QLiB0lGHQlygXxiMuX,Look At Her Now,2019-10-24,2020 Hits & 2019  Hits – Top Global Tracks 🔥🔥🔥,4JkkvMpVl4lSioqQjeAL0q,r&b,hip pop,0.563,0.564,10,-7.906,0,0.271,0.114,0.0254,0.304,0.55,154.355,162596,2020 hits & 2019 hits top global tracks,1.0017744195836242,0.2021273011927284,87.05621999999998
5yY9lUy8nbvjM1Uyo1Uqoc,Life Is Good (feat. Drake),Future,93,5uCEoLCj3ZZZ1EtzQdQWVl,Life Is Good (feat. Drake),2020-01-10,2020 Hits & 2019  Hits – Top Global Tracks 🔥🔥🔥,4JkkvMpVl4lSioqQjeAL0q,latin,latin hip hop,0.676,0.609,2,-5.831,0,0.481,0.0706,0.0,0.152,0.508,142.037,237735,2020 hits & 2019 hits top global tracks,0.9008862412925424,0.11592756005326756,86.500533
0bMbDctzMmTyK2j74j3nF3,"Alone, Pt. II",Alan Walker,85,700MviIgFKNTldTXmOAFOr,"Alone, Pt. II",2019-12-27,2020 Hits & 2019  Hits – Top Global Tracks 🔥🔥🔥,4JkkvMpVl4lSioqQjeAL0q,r&b,hip pop,0.67,0.668,3,-4.306,0,0.0422,0.536,0.0,0.133,0.608,88.033,179053,2020 hits & 2019 hits top global tracks,0.9970134372933771,0.802394008392203,58.80604400000001
0BnTBAGmr9FtYwkZrwKhwS,Just Us (feat. SZA),DJ Khaled,71,1YgX8BWKleDlDeCOFklRfz,Father Of Asahd,2019-05-17,2020 Hits & 2019  Hits – Top Global Tracks 🔥🔥🔥,4JkkvMpVl4lSioqQjeAL0q,r&b,hip pop,0.639,0.859,9,-2.758,0,0.147,0.135,0.0,0.129,0.566,93.132,221379,2020 hits & 2019 hits top global tracks,1.344285846188034,0.1571593048203669,80.000388
4VgYtXCVJ7IbWAZ5ryfvEQ,Muévelo,Nicky Jam,82,6sTdi5hrN3uFhARaqbikjG,Muévelo,2020-01-08,2020 Hits & 2019  Hits – Top Global Tracks 🔥🔥🔥,4JkkvMpVl4lSioqQjeAL0q,r&b,hip pop,0.595,0.807,7,-2.409,1,0.0489,0.416,1.41e-05,0.565,0.919,188.081,194892,2020 hits & 2019 hits top global tracks,1.3563002415121992,0.5154888283905471,151.781367
20JtELGPfOAMq7FpUt8eSM,Yellow Hearts,Ant Saunders,62,0ahjnylJzSIfobrUbMZnmL,Yellow Hearts,2019-06-18,2020 Hits & 2019  Hits – Top Global Tracks 🔥🔥🔥,4JkkvMpVl4lSioqQjeAL0q,latin,latin hip hop,0.866,0.399,7,-10.938,1,0.0745,0.117,0.0,0.0689,0.713,129.047,223256,2020 hits & 2019 hits top global tracks,0.46073849799249655,0.2932323477886021,51.489753
4aPB8rSxGFISs0o6V2LrTy,Gold Roses (feat. Drake),Rick Ross,69,11aJHLZMcrwDkTHmmnmF0k,Gold Roses (feat. Drake),2019-07-26,2020 Hits & 2019  Hits – Top Global Tracks 🔥🔥🔥,4JkkvMpVl4lSioqQjeAL0q,latin,latin hip hop,0.581,0.642,1,-5.318,1,0.407,0.0519,0.0,0.183,0.536,80.142,345160,2020 hits & 2019 hits top global tracks,1.104989492272819,0.08084099557477324,51.451164
6Dma0t0hOe6Bd6u5YRKF3n,"No New Friends (feat. Sia, Diplo, and Labrinth)",Sia,75,0ujHQ5WCLuKJQXOqXpGtpf,"LABRINTH, SIA & DIPLO PRESENT... LSD",2019-04-12,2020 Hits & 2019  Hits – Top Global Tracks 🔥🔥🔥,4JkkvMpVl4lSioqQjeAL0q,latin,latin pop,0.725,0.703,7,-4.641,1,0.0466,0.0632,0.000251,0.14,0.638,106.032,175827,2020 hits & 2019 hits top global tracks,0.9696538349602276,0.0899002988615948,74.54049599999999
5a6pdCHlWS2ekOOQ70QnAr,July,Noah Cyrus,88,2YQptVBjUJeIOBavD1AyXg,July,2019-07-31,2020 Hits & 2019  Hits – Top Global Tracks 🔥🔥🔥,4JkkvMpVl4lSioqQjeAL0q,latin,latin pop,0.708,0.186,9,-8.953,0,0.0422,0.868,0.0,0.0779,0.321,72.541,156107,2020 hits & 2019 hits top global tracks,0.2627114933453484,4.666641577195821,13.492626
6cy3ki60hLwimwIje7tALf,RITMO (Bad Boys For Life),The Black Eyed Peas,96,6EobpC5SDFy5DF50dWNVGF,RITMO (Bad Boys For Life),2019-10-12,2020 Hits & 2019  Hits – Top Global Tracks 🔥🔥🔥,4JkkvMpVl4lSioqQjeAL0q,latin,latin hip hop,0.721,0.716,10,-7.037,0,0.0657,0.0334,0.00084,0.237,0.667,104.994,221714,2020 hits & 2019 hits top global tracks,0.9930638098976284,0.046647979541928015,75.175704
6V9fHiv84WlVTg7CSnIVY2,Graveyard,Halsey,87,66QwiCFDLtRbrZ5Vs9wlL9,Graveyard,2019-09-13,2020 Hits & 2019  Hits – Top Global Tracks 🔥🔥🔥,4JkkvMpVl4lSioqQjeAL0q,r&b,hip pop,0.667,0.583,11,-5.127,0,0.0747,0.231,4.48e-05,0.181,0.187,92.043,181806,2020 hits & 2019 hits top global tracks,0.8740616580784735,0.3962257354618603,53.661069
6U0FIYXCQ3TGrk4tFpLrEA,SUGAR,BROCKHAMPTON,88,1jToVugwBEzcak8gJNZG2f,GINGER,2019-08-23,2020 Hits & 2019  Hits – Top Global Tracks 🔥🔥🔥,4JkkvMpVl4lSioqQjeAL0q,latin,latin pop,0.453,0.538,1,-8.212,1,0.0638,0.449,0.0,0.19,0.516,122.973,204533,2020 hits & 2019 hits top global tracks,1.1876353473833392,0.8345709394592202,66.159474
0PQsrLxPbOBBwwmXCnGvcF,Diamonds (with Normani),Megan Thee Stallion,77,2brh6nArR9NUPankXlhmAZ,Diamonds (with Normani),2020-01-10,2020 Hits & 2019  Hits – Top Global Tracks 🔥🔥🔥,4JkkvMpVl4lSioqQjeAL0q,latin,latin hip hop,0.785,0.753,1,-3.841,1,0.0873,0.188,1.01e-06,0.265,0.488,94.012,199301,2020 hits & 2019 hits top global tracks,0.9592344468350995,0.24966766312395333,70.791036
56AMYGJzxBO6p8v0wEe9de,Hot (Remix) [feat. Gunna and Travis Scott],Young Thug,86,7hXWMVDn9SVV7zNYiQGvWO,Hot (Remix) [feat. Gunna and Travis Scott],2019-11-01,2020 Hits & 2019  Hits – Top Global Tracks 🔥🔥🔥,4JkkvMpVl4lSioqQjeAL0q,latin,latin hip hop,0.845,0.631,7,-8.206,0,0.216,0.188,0.0,0.0806,0.545,111.983,279907,2020 hits & 2019 hits top global tracks,0.7467446784086647,0.29793930595989543,70.66127300000001
3ClBKQkKoaUQ6UOhe2xlJK,Good News,Mac Miller,87,4CCaoRnCugI6RsHHBKiMLs,Good News,2020-01-09,2020 Hits & 2019  Hits – Top Global Tracks 🔥🔥🔥,4JkkvMpVl4lSioqQjeAL0q,latin,latin hip hop,0.794,0.32,1,-12.92,0,0.173,0.853,0.134,0.112,0.241,174.088,342040,2020 hits & 2019 hits top global tracks,0.40302216244060146,2.6656166699479065,55.70816
6WrI0LAC5M1Rw2MnX2ZvEg,Don't Start Now,Dua Lipa,97,0ix3XtPV1LwmZADsprKxcp,Don't Start Now,2019-10-31,2020 Hits & 2019  Hits – Top Global Tracks 🔥🔥🔥,4JkkvMpVl4lSioqQjeAL0q,latin,latin pop,0.794,0.793,11,-4.521,0,0.0842,0.0125,0.0,0.0952,0.677,123.941,183290,2020 hits & 2019 hits top global tracks,0.9987392962981154,0.015762905721430364,98.28521300000001
51Fjme0JiitpyXKuyQiCDo,Lalala,Y2K,91,4WlC4FXhonJhNTXCQPGP3r,Lalala,2019-06-28,2020 Hits & 2019  Hits – Top Global Tracks 🔥🔥🔥,4JkkvMpVl4lSioqQjeAL0q,latin,latin pop,0.843,0.391,2,-7.899,1,0.0845,0.181,0.0,0.137,0.496,129.972,160627,2020 hits & 2019 hits top global tracks,0.4638191413770565,0.4629144170986775,50.819052000000006
4hPpVbbakQNv8YTHYaOJP4,One Thing Right,Marshmello,85,4QAC6FquY8D0RXom13iE5J,One Thing Right,2019-06-21,2020 Hits & 2019  Hits – Top Global Tracks 🔥🔥🔥,4JkkvMpVl4lSioqQjeAL0q,r&b,hip pop,0.659,0.623,4,-2.253,1,0.0451,0.0667,0.0,0.582,0.439,88.042,181824,2020 hits & 2019 hits top global tracks,0.9453703408644295,0.10706242847122234,54.850166
3HVWdVOQ0ZA45FuZGSfvns,I Don't Care (with Justin Bieber),Ed Sheeran,90,5Nux7ozBJ5KJ02QYWwrneR,I Don't Care (with Justin Bieber),2019-05-10,2020 Hits & 2019  Hits – Top Global Tracks 🔥🔥🔥,4JkkvMpVl4lSioqQjeAL0q,latin,latin pop,0.798,0.675,6,-5.041,1,0.0442,0.0912,0.0,0.0894,0.842,101.956,219947,2020 hits & 2019 hits top global tracks,0.8458636016746846,0.13511091094679858,68.8203
0DiDStADDVh3SvAsoJAFMk,Only Human,Jonas Brothers,86,1Uf67JAtkVWfdydzFFqNF2,Happiness Begins,2019-06-07,2020 Hits & 2019  Hits – Top Global Tracks 🔥🔥🔥,4JkkvMpVl4lSioqQjeAL0q,r&b,hip pop,0.795,0.496,0,-5.883,1,0.0722,0.108,0.0,0.0645,0.874,94.01,183000,2020 hits & 2019 hits top global tracks,0.6238985862910864,0.21774149648891838,46.62896
2QrXzOqLCVDRZHkToA0tSR,Never Go Back,Dennis Lloyd,74,5EqITahBSjWcU71mbhFPEf,Never Go Back,2019-02-15,2020 Hits & 2019  Hits – Top Global Tracks 🔥🔥🔥,4JkkvMpVl4lSioqQjeAL0q,latin,latin pop,0.421,0.653,9,-4.85,0,0.398,0.0135,0.0,0.114,0.733,78.6,175424,2020 hits & 2019 hits top global tracks,1.551065199370073,0.02067378151028865,51.3258
4YTyRXpZZH4dEuLfhekOFX,Now That You're Gone,Avazesa,23,3OX1zRbmAGVREbS2fbavC6,Now That You're Gone,2019-08-16,Charts 2020 🔥Top 2020🔥Hits 2020🔥Summer 2020🔥Pop 2020🔥Popular Music🔥Clean Pop 2020🔥Sing Alongs,3xMQTDLOIGvj3lWH5e5x6F,r&b,hip pop,0.762,0.738,3,-6.623,1,0.0311,0.454,1.44e-06,0.0615,0.824,107.968,238623,charts 2020 top 2020hits 2020summer 2020pop 2020popular musicclean pop 2020sing alongs,0.968502666007,0.6151753181906258,79.680384
0jzaoYXonBKCpq4Q9jFelP,What a Wonderful Thing to Do,Joey Pecoraro,50,2rVPT5ovxj2GnYk6WKAfV2,What a Wonderful Thing to Do,2019-12-12,Charts 2020 🔥Top 2020🔥Hits 2020🔥Summer 2020🔥Pop 2020🔥Popular Music🔥Clean Pop 2020🔥Sing Alongs,3xMQTDLOIGvj3lWH5e5x6F,edm,pop edm,0.557,0.416,11,-10.698,1,0.0447,0.749,0.801,0.114,0.246,86.02,189767,charts 2020 top 2020hits 2020summer 2020pop 2020popular musicclean pop 2020sing alongs,0.7468568279051562,1.8004764411624012,35.784319999999994
6p1FD2W6hWIDqbtcmKjzU8,My Heart,Coopex,30,7K2jP7WpPDPQcxwNZ3Qo34,My Heart,2020-01-17,Charts 2020 🔥Top 2020🔥Hits 2020🔥Summer 2020🔥Pop 2020🔥Popular Music🔥Clean Pop 2020🔥Sing Alongs,3xMQTDLOIGvj3lWH5e5x6F,edm,pop edm,0.482,0.667,3,-4.446,1,0.0397,0.251,0.0,0.108,0.2,150.083,182571,charts 2020 top 2020hits 2020summer 2020pop 2020popular musicclean pop 2020sing alongs,1.3838145564013355,0.37631127989313357,100.105361
5Of2gF7CEUd0krACByCeap,SIREN,Rothchild,26,66pND0GQUcZZtqUce6PWAJ,SIREN,2019-08-23,Charts 2020 🔥Top 2020🔥Hits 2020🔥Summer 2020🔥Pop 2020🔥Popular Music🔥Clean Pop 2020🔥Sing Alongs,3xMQTDLOIGvj3lWH5e5x6F,edm,pop edm,0.57,0.766,5,-6.403,0,0.0487,0.0662,0.000515,0.155,0.15,139.96,171907,charts 2020 top 2020hits 2020summer 2020pop 2020popular musicclean pop 2020sing alongs,1.3438572914784361,0.08642286367772364,107.20936
3VEpvUAoN9UBaN2NZ6JW29,Timber,Sancii,14,56hgRT0x0Et8u6I3NYatFd,Timber,2019-07-19,Charts 2020 🔥Top 2020🔥Hits 2020🔥Summer 2020🔥Pop 2020🔥Popular Music🔥Clean Pop 2020🔥Sing Alongs,3xMQTDLOIGvj3lWH5e5x6F,r&b,hip pop,0.776,0.696,9,-8.294,1,0.0814,0.273,0.0,0.0564,0.927,109.958,175786,charts 2020 top 2020hits 2020summer 2020pop 2020popular musicclean pop 2020sing alongs,0.896906060688066,0.39224081574595443,76.530768
6E14SIHDOSBQhdg9cRtrRz,Broken Heart,Fullife,18,17FXBNrOUx2yxvmBgtmgm6,Broken Heart,2019-06-28,Charts 2020 🔥Top 2020🔥Hits 2020🔥Summer 2020🔥Pop 2020🔥Popular Music🔥Clean Pop 2020🔥Sing Alongs,3xMQTDLOIGvj3lWH5e5x6F,r&b,hip pop,0.805,0.888,3,-3.255,1,0.0368,0.281,0.0,0.203,0.342,107.999,172234,charts 2020 top 2020hits 2020summer 2020pop 2020popular musicclean pop 2020sing alongs,1.1031042197463108,0.31644108508886815,95.903112
7hJmJGSut55cp4jISbAUiV,Mad Money,Dave Nazza,29,5ea9otJcPJBnARt46i70Up,Mad Money,2019-11-08,Charts 2020 🔥Top 2020🔥Hits 2020🔥Summer 2020🔥Pop 2020🔥Popular Music🔥Clean Pop 2020🔥Sing Alongs,3xMQTDLOIGvj3lWH5e5x6F,edm,pop edm,0.801,0.762,7,-5.875,1,0.0475,0.1,0.0,0.206,0.391,110.014,170635,charts 2020 top 2020hits 2020summer 2020pop 2020popular musicclean pop 2020sing alongs,0.9513096737706943,0.1312334235781843,83.830668
6UelLqGlWMcVH1E5c4H7lY,Watermelon Sugar,Harry Styles,86,7xV2TzoaVc0ycW7fwBwAml,Fine Line,2019-12-13,Charts 2020 🔥Top 2020🔥Hits 2020🔥Summer 2020🔥Pop 2020🔥Popular Music🔥Clean Pop 2020🔥Sing Alongs,3xMQTDLOIGvj3lWH5e5x6F,r&b,hip pop,0.548,0.816,0,-4.209,1,0.0465,0.122,0.0,0.335,0.557,95.39,174000,charts 2020 top 2020hits 2020summer 2020pop 2020popular musicclean pop 2020sing alongs,1.4890483776489456,0.14950962069899423,77.83824
3zI697olBhdYULrm2m93br,Moments,Mr. Brackets,14,4agHGgmgAeD1pk6h88ceFO,Moments,2019-10-04,Charts 2020 🔥Top 2020🔥Hits 2020🔥Summer 2020🔥Pop 2020🔥Popular Music🔥Clean Pop 2020🔥Sing Alongs,3xMQTDLOIGvj3lWH5e5x6F,r&b,hip pop,0.686,0.731,10,-6.784,1,0.252,0.482,0.0,0.421,0.376,103.985,182320,charts 2020 top 2020hits 2020summer 2020pop 2020popular musicclean pop 2020sing alongs,1.0655961142913783,0.6593698230234979,76.013035
1PZG9IBZMCY6HdK2v8kSYo,If That's Alright,Dylan Dunlap,67,0N45Hx7WHKubuoOVWUzgSH,If That's Alright,2019-11-22,Charts 2020 🔥Top 2020🔥Hits 2020🔥Summer 2020🔥Pop 2020🔥Popular Music🔥Clean Pop 2020🔥Sing Alongs,3xMQTDLOIGvj3lWH5e5x6F,edm,pop edm,0.507,0.455,8,-6.492,1,0.0279,0.356,0.0,0.0889,0.333,137.87,235393,charts 2020 top 2020hits 2020summer 2020pop 2020popular musicclean pop 2020sing alongs,0.8974341273488612,0.7824158628222795,62.730850000000004
3syzTZ5e8XhloHPecsOoDq,Poison,Coopex,47,62MJ4CnHQwzOnfzW8ECHWr,Poison,2019-12-20,Charts 2020 🔥Top 2020🔥Hits 2020🔥Summer 2020🔥Pop 2020🔥Popular Music🔥Clean Pop 2020🔥Sing Alongs,3xMQTDLOIGvj3lWH5e5x6F,r&b,hip pop,0.428,0.53,7,-9.295,0,0.0455,0.261,0.000495,0.0934,0.052,155.017,151778,charts 2020 top 2020hits 2020summer 2020pop 2020popular musicclean pop 2020sing alongs,1.2383148637503185,0.492451901034149,82.15901
67m9uKyfr9QRg9ORMRN80R,I'm the One,Majed,24,2qzw3LeRf57iwGWuxCBADu,I'm the One,2019-09-06,Charts 2020 🔥Top 2020🔥Hits 2020🔥Summer 2020🔥Pop 2020🔥Popular Music🔥Clean Pop 2020🔥Sing Alongs,3xMQTDLOIGvj3lWH5e5x6F,r&b,hip pop,0.726,0.71,1,-6.144,0,0.362,0.629,1.16e-06,0.177,0.402,103.873,200909,charts 2020 top 2020hits 2020summer 2020pop 2020popular musicclean pop 2020sing alongs,0.9779600854544277,0.885914245191204,73.74983
7k4t7uLgtOxPwTpFmtJNTY,Tusa,KAROL G,98,7mKevNHhVnZER3BLgI8O4F,Tusa,2019-11-07,Charts 2020 🔥Top 2020🔥Hits 2020🔥Summer 2020🔥Pop 2020🔥Popular Music🔥Clean Pop 2020🔥Sing Alongs,3xMQTDLOIGvj3lWH5e5x6F,r&b,hip pop,0.803,0.715,2,-3.28,1,0.298,0.295,0.000134,0.0574,0.574,101.085,200960,charts 2020 top 2020hits 2020summer 2020pop 2020popular musicclean pop 2020sing alongs,0.8904098500499998,0.41258683554288733,72.275775
7qEHsqek33rTcFNT9PFqLf,Someone You Loved,Lewis Capaldi,94,5658aM19fA3JVwTK6eQX70,Divinely Uninspired To A Hellish Extent,2019-05-17,Charts 2020 🔥Top 2020🔥Hits 2020🔥Summer 2020🔥Pop 2020🔥Popular Music🔥Clean Pop 2020🔥Sing Alongs,3xMQTDLOIGvj3lWH5e5x6F,edm,pop edm,0.501,0.405,1,-5.679,1,0.0319,0.751,0.0,0.105,0.446,109.891,182161,charts 2020 top 2020hits 2020summer 2020pop 2020popular musicclean pop 2020sing alongs,0.8083816199967665,1.8543164090952862,44.505855000000004
2ksOAxtIxY8yElEWw8RhgK,China,Anuel AA,93,1PTTAq0OxggVgqP5WTYWDh,China,2019-07-19,Charts 2020 🔥Top 2020🔥Hits 2020🔥Summer 2020🔥Pop 2020🔥Popular Music🔥Clean Pop 2020🔥Sing Alongs,3xMQTDLOIGvj3lWH5e5x6F,edm,pop edm,0.786,0.808,7,-3.702,1,0.0882,0.0846,0.000289,0.0822,0.609,105.027,301714,charts 2020 top 2020hits 2020summer 2020pop 2020popular musicclean pop 2020sing alongs,1.0279885140095242,0.10470284071430604,84.861816
2b8fOow8UzyDFAE27YhOZM,Memories,Maroon 5,98,3nR9B40hYLKLcR0Eph3Goc,Memories,2019-09-20,Charts 2020 🔥Top 2020🔥Hits 2020🔥Summer 2020🔥Pop 2020🔥Popular Music🔥Clean Pop 2020🔥Sing Alongs,3xMQTDLOIGvj3lWH5e5x6F,edm,pop edm,0.764,0.32,11,-7.209,1,0.0546,0.837,0.0,0.0822,0.575,91.019,189486,charts 2020 top 2020hits 2020summer 2020pop 2020popular musicclean pop 2020sing alongs,0.4188476193093988,2.615616826197418,29.12608
3QzAOrNlsabgbMwlZt7TAY,Ballin' (with Roddy Ricch),Mustard,90,2WrNHOba5u6P9S9xEboaUy,Perfect Ten,2019-06-28,Charts 2020 🔥Top 2020🔥Hits 2020🔥Summer 2020🔥Pop 2020🔥Popular Music🔥Clean Pop 2020🔥Sing Alongs,3xMQTDLOIGvj3lWH5e5x6F,r&b,hip pop,0.809,0.545,7,-6.678,1,0.0735,0.392,0.0,0.151,0.244,97.008,180435,charts 2020 top 2020hits 2020summer 2020pop 2020popular musicclean pop 2020sing alongs,0.6736703662912654,0.7192647352940637,52.86936
6IuFbYBWwzcJfOPRGrqjjH,Secrets,Fenris,29,6ODYoiGIczF62QT465vOKj,Secrets,2018-10-17,Charts 2020 🔥Top 2020🔥Hits 2020🔥Summer 2020🔥Pop 2020🔥Popular Music🔥Clean Pop 2020🔥Sing Alongs,3xMQTDLOIGvj3lWH5e5x6F,edm,pop edm,0.722,0.527,7,-6.728,0,0.127,0.157,0.0,0.182,0.364,119.929,228093,charts 2020 top 2020hits 2020summer 2020pop 2020popular musicclean pop 2020sing alongs,0.7299158865430935,0.29791214817429185,63.202583000000004
1wixeGVawKbkXC2pnF5rK7,With You,Kazura,26,7eoIQFSWGeWloCSmiHucvw,With You,2019-03-29,Charts 2020 🔥Top 2020🔥Hits 2020🔥Summer 2020🔥Pop 2020🔥Popular Music🔥Clean Pop 2020🔥Sing Alongs,3xMQTDLOIGvj3lWH5e5x6F,edm,pop edm,0.694,0.693,2,-4.891,1,0.262,0.211,0.000201,0.189,0.545,100.138,178587,charts 2020 top 2020hits 2020summer 2020pop 2020popular musicclean pop 2020sing alongs,0.9985576389659381,0.30447286511852073,69.395634
2usxQITOSDqvkYiI0oIwao,You should be sad,Halsey,86,1gBDGPFz9v93dxE3fUU9eO,You should be sad,2020-01-10,Charts 2020 🔥Top 2020🔥Hits 2020🔥Summer 2020🔥Pop 2020🔥Popular Music🔥Clean Pop 2020🔥Sing Alongs,3xMQTDLOIGvj3lWH5e5x6F,edm,pop edm,0.591,0.585,2,-6.35,1,0.0277,0.143,0.0,0.109,0.324,110.94,205473,charts 2020 top 2020hits 2020summer 2020pop 2020popular musicclean pop 2020sing alongs,0.9898460408696431,0.24444402659140751,64.89989999999999
4l0Mvzj72xxOpRrp6h8nHi,Lose You To Love Me,Selena Gomez,85,3YPFaTR7WMi1Hd4NVKdCJx,Rare,2020-01-10,Charts 2020 🔥Top 2020🔥Hits 2020🔥Summer 2020🔥Pop 2020🔥Popular Music🔥Clean Pop 2020🔥Sing Alongs,3xMQTDLOIGvj3lWH5e5x6F,r&b,hip pop,0.488,0.343,4,-8.985,1,0.0436,0.556,0.0,0.21,0.0978,102.819,206459,charts 2020 top 2020hits 2020summer 2020pop 2020popular musicclean pop 2020sing alongs,0.7028674121569424,1.6209865277360709,35.26691700000001
6mAN61JH0dzyZpWslS11jy,Fantasias,Rauw Alejandro,92,1Flcx9eDuv7pTGM9nJBmGL,Fantasias,2019-08-29,Charts 2020 🔥Top 2020🔥Hits 2020🔥Summer 2020🔥Pop 2020🔥Popular Music🔥Clean Pop 2020🔥Sing Alongs,3xMQTDLOIGvj3lWH5e5x6F,r&b,hip pop,0.879,0.703,1,-4.219,1,0.0701,0.143,0.0,0.0569,0.788,94.004,199711,charts 2020 top 2020hits 2020summer 2020pop 2020popular musicclean pop 2020sing alongs,0.7997715588491935,0.20341365090519073,66.084812
0ycFQvBTfuo1LCdG0HhszL,Tattoos Together,Lauv,67,26atyI9OPdSCDkNjsOEJBW,~how i'm feeling~,2020-01-16,Charts 2020 🔥Top 2020🔥Hits 2020🔥Summer 2020🔥Pop 2020🔥Popular Music🔥Clean Pop 2020🔥Sing Alongs,3xMQTDLOIGvj3lWH5e5x6F,r&b,hip pop,0.862,0.4,4,-7.486,1,0.0736,0.00575,7.49e-06,0.123,0.596,122.963,186613,charts 2020 top 2020hits 2020summer 2020pop 2020popular musicclean pop 2020sing alongs,0.4640365846443334,0.014374964062589844,49.1852
3yOlyBJuViE2YSGn3nVE1K,My Oh My (feat. DaBaby),Camila Cabello,94,3Vsbl0diFGw8HNSjG8ue9m,Romance,2019-12-06,Charts 2020 🔥Top 2020🔥Hits 2020🔥Summer 2020🔥Pop 2020🔥Popular Music🔥Clean Pop 2020🔥Sing Alongs,3xMQTDLOIGvj3lWH5e5x6F,edm,pop edm,0.724,0.491,8,-6.024,1,0.0296,0.018,1.29e-05,0.0887,0.383,105.046,170746,charts 2020 top 2020hits 2020summer 2020pop 2020popular musicclean pop 2020sing alongs,0.678175858873123,0.036659803136857155,51.577586000000004
6b2RcmUt1g9N9mQ3CbjX2Y,How Do You Sleep?,Sam Smith,91,7baaCf70tVcUBL2bbkuXjo,How Do You Sleep?,2019-07-19,Charts 2020 🔥Top 2020🔥Hits 2020🔥Summer 2020🔥Pop 2020🔥Popular Music🔥Clean Pop 2020🔥Sing Alongs,3xMQTDLOIGvj3lWH5e5x6F,r&b,hip pop,0.477,0.682,1,-4.931,0,0.0925,0.153,0.0,0.0763,0.345,110.567,202205,charts 2020 top 2020hits 2020summer 2020pop 2020popular musicclean pop 2020sing alongs,1.429766394619718,0.22433984700902196,75.406694
4k3uABcX9iaGlt5pRJhumi,stupid,Tate McRae,78,0uzAVFqstsfwdLtnDs6zm8,stupid,2019-12-06,Charts 2020 🔥Top 2020🔥Hits 2020🔥Summer 2020🔥Pop 2020🔥Popular Music🔥Clean Pop 2020🔥Sing Alongs,3xMQTDLOIGvj3lWH5e5x6F,r&b,hip pop,0.673,0.579,0,-6.029,0,0.0392,0.0692,8.61e-05,0.186,0.262,96.009,172916,charts 2020 top 2020hits 2020summer 2020pop 2020popular musicclean pop 2020sing alongs,0.8603256161580739,0.11951620118099969,55.589211
6XfSe248nbFmBQJerqaJTq,Can't Fear The Night - FIXL Remix,Momo Soundz,45,1b40rLUDWaqF8Z4t9SKxlO,Can't Fear The Night (FIXL Remix),2019-12-27,Charts 2020 🔥Top 2020🔥Hits 2020🔥Summer 2020🔥Pop 2020🔥Popular Music🔥Clean Pop 2020🔥Sing Alongs,3xMQTDLOIGvj3lWH5e5x6F,edm,pop edm,0.7,0.779,11,-5.931,0,0.0299,0.248,0.0112,0.157,0.514,127.965,153965,charts 2020 top 2020hits 2020summer 2020pop 2020popular musicclean pop 2020sing alongs,1.1128555530634956,0.3183564591059575,99.684735
66qZvBrVbGInPDWOF4OHNd,Coming Home,jeonghyeon,28,2e5KliQ7PoCqMhX11U9nuO,Coming Home,2019-08-30,Charts 2020 🔥Top 2020🔥Hits 2020🔥Summer 2020🔥Pop 2020🔥Popular Music🔥Clean Pop 2020🔥Sing Alongs,3xMQTDLOIGvj3lWH5e5x6F,r&b,hip pop,0.731,0.898,2,-3.383,1,0.172,0.122,3e-06,0.135,0.734,115.06,169043,charts 2020 top 2020hits 2020summer 2020pop 2020popular musicclean pop 2020sing alongs,1.2284524918570563,0.13585730973573526,103.32388
7tN0ceaX3JAz6aVtyXn9mn,Chills,Why Don't We,77,73MA39KSFI537siPGXAb8q,Chills,2019-12-30,Charts 2020 🔥Top 2020🔥Hits 2020🔥Summer 2020🔥Pop 2020🔥Popular Music🔥Clean Pop 2020🔥Sing Alongs,3xMQTDLOIGvj3lWH5e5x6F,edm,pop edm,0.615,0.689,1,-5.332,1,0.0658,0.00483,0.0,0.177,0.783,162.919,165597,charts 2020 top 2020hits 2020summer 2020pop 2020popular musicclean pop 2020sing alongs,1.1203233815879974,0.007010149477286681,112.251191
2Ec33AVlkTTq8BHFgBTdQs,Futsal Shuffle 2020,Lil Uzi Vert,91,4uTOUYhLrGRKkfxfPKTkuy,Futsal Shuffle 2020,2019-12-12,Charts 2020 🔥Top 2020🔥Hits 2020🔥Summer 2020🔥Pop 2020🔥Popular Music🔥Clean Pop 2020🔥Sing Alongs,3xMQTDLOIGvj3lWH5e5x6F,r&b,hip pop,0.881,0.457,7,-8.191,0,0.156,0.0327,0.0,0.231,0.296,136.97,198913,charts 2020 top 2020hits 2020summer 2020pop 2020popular musicclean pop 2020sing alongs,0.5187281285719313,0.07155345393117302,62.59529
5DxXgozhkPLgrbKFY91w0c,Vete,Bad Bunny,93,3fxzSn0ObgCjLadyR53ohN,Vete,2019-11-21,Charts 2020 🔥Top 2020🔥Hits 2020🔥Summer 2020🔥Pop 2020🔥Popular Music🔥Clean Pop 2020🔥Sing Alongs,3xMQTDLOIGvj3lWH5e5x6F,r&b,hip pop,0.886,0.672,1,-4.394,1,0.188,0.0363,8.78e-06,0.101,0.526,91.976,192024,charts 2020 top 2020hits 2020summer 2020pop 2020popular musicclean pop 2020sing alongs,0.7584641552323305,0.05401777675926077,61.807872
362CZbgsmoebwBM77B3a0N,Loud,Dubio,47,0mlLxiVXBJx5S8mnyaklgH,Loud,2019-12-13,Charts 2020 🔥Top 2020🔥Hits 2020🔥Summer 2020🔥Pop 2020🔥Popular Music🔥Clean Pop 2020🔥Sing Alongs,3xMQTDLOIGvj3lWH5e5x6F,edm,pop edm,0.529,0.758,1,-6.297,1,0.3,0.039,0.0,0.192,0.261,180.026,190000,charts 2020 top 2020hits 2020summer 2020pop 2020popular musicclean pop 2020sing alongs,1.4328895408515294,0.051451119457626045,136.459708
2tnVG71enUj33Ic2nFN6kZ,Ride It,Regard,94,4zOhjJfe0dwqsNdDYk622E,Ride It,2019-07-26,Charts 2020 🔥Top 2020🔥Hits 2020🔥Summer 2020🔥Pop 2020🔥Popular Music🔥Clean Pop 2020🔥Sing Alongs,3xMQTDLOIGvj3lWH5e5x6F,r&b,hip pop,0.88,0.751,7,-4.258,0,0.0874,0.177,6.43e-05,0.106,0.884,117.948,157606,charts 2020 top 2020hits 2020summer 2020pop 2020popular musicclean pop 2020sing alongs,0.853408121127135,0.23568543850141344,88.578948
48K6PkRH2xYoQ4UHDf0Tjm,Ocean,SZY,23,1827BzNwLnISYO0kMxmUmV,Ocean,2019-08-02,Charts 2020 🔥Top 2020🔥Hits 2020🔥Summer 2020🔥Pop 2020🔥Popular Music🔥Clean Pop 2020🔥Sing Alongs,3xMQTDLOIGvj3lWH5e5x6F,r&b,hip pop,0.522,0.67,1,-8.511,1,0.0965,0.507,5.17e-06,0.179,0.469,160.034,163516,charts 2020 top 2020hits 2020summer 2020pop 2020popular musicclean pop 2020sing alongs,1.2835224453593,0.756715288484644,107.22278
2grAr8pWMuLWn8ZYEE9wDV,Never Seen the Rain,Tones and I,73,1BYByciKxjYwhRSrWlEjWu,Never Seen the Rain,2019-07-15,Charts 2020 🔥Top 2020🔥Hits 2020🔥Summer 2020🔥Pop 2020🔥Popular Music🔥Clean Pop 2020🔥Sing Alongs,3xMQTDLOIGvj3lWH5e5x6F,r&b,hip pop,0.485,0.461,9,-5.646,1,0.0444,0.44,0.0,0.232,0.324,87.009,200756,charts 2020 top 2020hits 2020summer 2020pop 2020popular musicclean pop 2020sing alongs,0.950513504095868,0.9544447842846328,40.111149000000005
6v3KW9xbzN5yKLt9YKDYA2,Señorita,Shawn Mendes,88,0xzScN8P3hQAz3BT3YYX5w,Shawn Mendes (Deluxe),2019-06-19,Charts 2020 🔥Top 2020🔥Hits 2020🔥Summer 2020🔥Pop 2020🔥Popular Music🔥Clean Pop 2020🔥Sing Alongs,3xMQTDLOIGvj3lWH5e5x6F,r&b,hip pop,0.759,0.548,9,-6.049,0,0.029,0.0392,0.0,0.0828,0.749,116.967,190800,charts 2020 top 2020hits 2020summer 2020pop 2020popular musicclean pop 2020sing alongs,0.7220016837922479,0.07153271618117484,64.097916
0hVXuCcriWRGvwMV1r5Yn9,I Don't Care (with Justin Bieber),Ed Sheeran,84,3oIFxDIo2fwuk4lwCmFZCx,No.6 Collaborations Project,2019-07-12,Charts 2020 🔥Top 2020🔥Hits 2020🔥Summer 2020🔥Pop 2020🔥Popular Music🔥Clean Pop 2020🔥Sing Alongs,3xMQTDLOIGvj3lWH5e5x6F,edm,pop edm,0.798,0.675,6,-5.041,1,0.0442,0.0912,0.0,0.0894,0.842,101.956,219947,charts 2020 top 2020hits 2020summer 2020pop 2020popular musicclean pop 2020sing alongs,0.8458636016746846,0.13511091094679858,68.8203
6Gg1gjgKi2AK4e0qzsR7sd,Bandit (with YoungBoy Never Broke Again),Juice WRLD,92,3t6Z2qoBVCS4NHNI25XECH,Bandit (with YoungBoy Never Broke Again),2019-10-04,Charts 2020 🔥Top 2020🔥Hits 2020🔥Summer 2020🔥Pop 2020🔥Popular Music🔥Clean Pop 2020🔥Sing Alongs,3xMQTDLOIGvj3lWH5e5x6F,edm,pop edm,0.474,0.631,5,-5.884,0,0.343,0.0687,0.0,0.132,0.425,180.051,189323,charts 2020 top 2020hits 2020summer 2020pop 2020popular musicclean pop 2020sing alongs,1.3312208202092402,0.10887462935874903,113.61218099999999
1Ia95g66IhlAJ3qVI4qI8W,Slow,SHY Martin,66,6u4ZwK6xSWHhREBVzhjQg6,Slow,2020-01-10,Charts 2020 🔥Top 2020🔥Hits 2020🔥Summer 2020🔥Pop 2020🔥Popular Music🔥Clean Pop 2020🔥Sing Alongs,3xMQTDLOIGvj3lWH5e5x6F,r&b,hip pop,0.636,0.243,2,-9.509,1,0.04,0.815,0.0,0.111,0.239,142.016,163547,charts 2020 top 2020hits 2020summer 2020pop 2020popular musicclean pop 2020sing alongs,0.38207487095146075,3.3538956629808108,34.509888
44pS6uiJC5PX5hTamjd3ly,Can't Fear The Night,Momo Soundz,47,6uF6x2hw27PMpBV4QkR11m,Can't Fear The Night,2019-11-08,Charts 2020 🔥Top 2020🔥Hits 2020🔥Summer 2020🔥Pop 2020🔥Popular Music🔥Clean Pop 2020🔥Sing Alongs,3xMQTDLOIGvj3lWH5e5x6F,r&b,hip pop,0.595,0.76,11,-6.277,0,0.0287,0.0135,0.0181,0.239,0.707,128.039,147158,charts 2020 top 2020hits 2020summer 2020pop 2020popular musicclean pop 2020sing alongs,1.2773087776323064,0.01776313452219142,97.30963999999999
2Mfv5HaqnI18Q9JRv9hqnn,Still Learning,Halsey,70,68enXe5XcJdciSDAZr0Alr,Manic,2020-01-17,Charts 2020 🔥Top 2020🔥Hits 2020🔥Summer 2020🔥Pop 2020🔥Popular Music🔥Clean Pop 2020🔥Sing Alongs,3xMQTDLOIGvj3lWH5e5x6F,edm,pop edm,0.708,0.661,0,-6.543,0,0.0546,0.0396,0.000244,0.113,0.317,102.046,211784,charts 2020 top 2020hits 2020summer 2020pop 2020popular musicclean pop 2020sing alongs,0.9336145005444908,0.059909137807658386,67.45240600000001
3TKpJrY9q49Mj1JOsM9zGL,Family,The Chainsmokers,85,01GR4NL5O5CZM51k0aejKD,World War Joy,2019-12-06,Charts 2020 🔥Top 2020🔥Hits 2020🔥Summer 2020🔥Pop 2020🔥Popular Music🔥Clean Pop 2020🔥Sing Alongs,3xMQTDLOIGvj3lWH5e5x6F,r&b,hip pop,0.584,0.607,11,-6.605,1,0.0356,0.426,0.0,0.101,0.374,117.817,194827,charts 2020 top 2020hits 2020summer 2020pop 2020popular musicclean pop 2020sing alongs,1.0393817818805104,0.7018110349076855,71.51491899999999
34o7op5h46HN2bbqnm0dCh,Hold Me Close,PuFFcorn,26,6n4fxcTyotuCQziXYXpC6b,Hold Me Close,2020-01-17,Charts 2020 🔥Top 2020🔥Hits 2020🔥Summer 2020🔥Pop 2020🔥Popular Music🔥Clean Pop 2020🔥Sing Alongs,3xMQTDLOIGvj3lWH5e5x6F,r&b,hip pop,0.508,0.682,10,-5.381,1,0.0489,0.0217,0.0,0.343,0.309,127.93,196348,charts 2020 top 2020hits 2020summer 2020pop 2020popular musicclean pop 2020sing alongs,1.342517042289287,0.03181813516402468,87.24826000000002
4yJiXq86uM56uIfIZgE440,me & ur ghost,blackbear,68,1s9YbfFRnIB0jXONMz0gO2,me & ur ghost,2020-01-16,Charts 2020 🔥Top 2020🔥Hits 2020🔥Summer 2020🔥Pop 2020🔥Popular Music🔥Clean Pop 2020🔥Sing Alongs,3xMQTDLOIGvj3lWH5e5x6F,r&b,hip pop,0.761,0.625,7,-6.17,1,0.026,0.0696,0.0,0.0784,0.875,100.022,200400,charts 2020 top 2020hits 2020summer 2020pop 2020popular musicclean pop 2020sing alongs,0.821286700017477,0.11135982182428507,62.51375
1rgnBhdG2JDFTbYkYRZAku,Dance Monkey,Tones and I,79,31IDBea3eEs57a0joX6TjN,Dance Monkey,2019-05-10,Charts 2020 🔥Top 2020🔥Hits 2020🔥Summer 2020🔥Pop 2020🔥Popular Music🔥Clean Pop 2020🔥Sing Alongs,3xMQTDLOIGvj3lWH5e5x6F,r&b,hip pop,0.825,0.593,6,-6.401,0,0.0988,0.688,0.000161,0.17,0.54,98.078,209755,charts 2020 top 2020hits 2020summer 2020pop 2020popular musicclean pop 2020sing alongs,0.7187870075309,1.1602004043838037,58.160254
5stPVcRqb4qixbafP9e8lt,Hola - Remix,Dalex,91,65Pp2tO1Ul66KcCmmkRGWZ,Hola (Remix),2019-11-01,Charts 2020 🔥Top 2020🔥Hits 2020🔥Summer 2020🔥Pop 2020🔥Popular Music🔥Clean Pop 2020🔥Sing Alongs,3xMQTDLOIGvj3lWH5e5x6F,r&b,hip pop,0.654,0.672,0,-5.98,0,0.311,0.471,0.0,0.0781,0.343,181.857,249520,charts 2020 top 2020hits 2020summer 2020pop 2020popular musicclean pop 2020sing alongs,1.0275213646462313,0.700891814149086,122.20790400000001
21DA9SV7Men1ukbY7jR5G6,Like A Fool (Back To You),Mabryx,47,5xpHMHajQHaEMatj1tpURN,Like A Fool (Back To You),2020-01-03,Charts 2020 🔥Top 2020🔥Hits 2020🔥Summer 2020🔥Pop 2020🔥Popular Music🔥Clean Pop 2020🔥Sing Alongs,3xMQTDLOIGvj3lWH5e5x6F,r&b,hip pop,0.579,0.757,10,-7.97,1,0.0402,0.0186,3.27e-05,0.115,0.142,120.037,192000,charts 2020 top 2020hits 2020summer 2020pop 2020popular musicclean pop 2020sing alongs,1.307424339508913,0.024570641254106663,90.868009
3v0PmSksPZEx6VfkJCuvAY,Pillows,Pillows,21,6K2jXLgII5QvmeUaQMJhmd,Pillows,2019-05-31,Charts 2020 🔥Top 2020🔥Hits 2020🔥Summer 2020🔥Pop 2020🔥Popular Music🔥Clean Pop 2020🔥Sing Alongs,3xMQTDLOIGvj3lWH5e5x6F,edm,pop edm,0.615,0.706,8,-7.246,1,0.0429,0.091,0.0149,0.0857,0.305,170.0,189176,charts 2020 top 2020hits 2020summer 2020pop 2020popular musicclean pop 2020sing alongs,1.1479656130640437,0.1288950015651536,120.02
21jGcNKet2qwijlDFuPiPb,Circles,Post Malone,98,4g1ZRSobMefqF6nelkgibi,Hollywood's Bleeding,2019-09-06,Charts 2020 🔥Top 2020🔥Hits 2020🔥Summer 2020🔥Pop 2020🔥Popular Music🔥Clean Pop 2020🔥Sing Alongs,3xMQTDLOIGvj3lWH5e5x6F,edm,pop edm,0.695,0.762,0,-3.497,1,0.0395,0.192,0.00244,0.0863,0.553,120.042,215280,charts 2020 top 2020hits 2020summer 2020pop 2020popular musicclean pop 2020sing alongs,1.0964013001420143,0.25196817327011384,91.472004
5FMjWAi9pDmZcfnVpBZpDL,it's Friday,Vendredi,45,5J2wLE32ooaRdhEZdLYdT1,it's Friday,2019-12-27,Charts 2020 🔥Top 2020🔥Hits 2020🔥Summer 2020🔥Pop 2020🔥Popular Music🔥Clean Pop 2020🔥Sing Alongs,3xMQTDLOIGvj3lWH5e5x6F,edm,pop edm,0.791,0.877,9,-6.651,1,0.0442,0.0543,0.000136,0.328,0.666,120.0,132500,charts 2020 top 2020hits 2020summer 2020pop 2020popular musicclean pop 2020sing alongs,1.1087217336008424,0.061915550837456285,105.24
7yle4EK9gfIin6lQsAjCL9,Oops!... I Did It Again,why mona,52,75CcVQGjoC6NpyPQLEmuex,Oops!... I Did It Again,2019-12-13,Charts 2020 🔥Top 2020🔥Hits 2020🔥Summer 2020🔥Pop 2020🔥Popular Music🔥Clean Pop 2020🔥Sing Alongs,3xMQTDLOIGvj3lWH5e5x6F,r&b,hip pop,0.798,0.664,8,-4.321,0,0.03,0.46,7.37e-06,0.157,0.314,110.025,200727,charts 2020 top 2020hits 2020summer 2020pop 2020popular musicclean pop 2020sing alongs,0.8320791577955415,0.6927700410089743,73.0566
1CHLf03EayLPbAaF922Hvs,Just the Same,Pillows,19,2ILToC3qdGJIWZfga92xv7,Just the Same,2019-09-27,Charts 2020 🔥Top 2020🔥Hits 2020🔥Summer 2020🔥Pop 2020🔥Popular Music🔥Clean Pop 2020🔥Sing Alongs,3xMQTDLOIGvj3lWH5e5x6F,edm,pop edm,0.726,0.573,1,-10.329,0,0.0542,0.0213,0.00018,0.72,0.559,120.029,129500,charts 2020 top 2020hits 2020summer 2020pop 2020popular musicclean pop 2020sing alongs,0.7892551112188549,0.03717270999527052,68.77661699999999
0DhkTGjEaIHaSxTfC14BFm,Lullaby,R3HAB,70,2Y5NgR5CQJeqAz5iYN5agm,Lullaby,2018-01-26,ElectroPop,0cuHKz65ZPqBX1brG8djlg,pop,electropop,0.626,0.8,1,-3.988,0,0.035,0.0267,0.000138,0.0623,0.258,127.966,160184,electropop,1.2779532301066612,0.033374958281302144,102.3728
7KIbDUwumrpG5f30kEYW1v,Pump It,The Black Eyed Peas,12,6Gdt5ogiuJ9knp8Q5148ea,Monkey Business,2005-01-01,ELECTROPOP,2UsEj2GUukV0GLbsE3rldz,pop,electropop,0.648,0.931,1,-3.15,0,0.181,0.00937,0.0,0.752,0.744,153.649,213067,electropop,1.4367261778917007,0.01006443602101394,143.047219
65ES1qwOB577ZnTkizMXJJ,HUMBLE. - SKRILLEX REMIX,Skrillex,72,1X4aaOIXvs6gWtQZQpln4V,HUMBLE. (SKRILLEX REMIX),2017-09-29,ELECTROPOP🐹,44p8nNLe4fGfUeArS3MaIX,pop,electropop,0.902,0.934,11,-2.345,1,0.272,0.00781,8.23e-05,0.194,0.867,150.029,156800,electropop,1.0354755704261969,0.008361875415550946,140.127086
1jLsirPDkUS2g4gnkYua58,Ignite,Alan Walker,71,6Rg9tJW4DSAUyNp59VXzu1,Ignite,2018-05-11,ElectroPop,0cuHKz65ZPqBX1brG8djlg,pop,electropop,0.681,0.864,8,-4.3,0,0.116,0.0208,3.98e-06,0.192,0.479,90.008,210288,electropop,1.268720603934502,0.02407404621059466,77.76691199999999
5W3cjX2J3tjhG8zb6u0qHn,"Harder, Better, Faster, Stronger",Daft Punk,70,2noRn2Aes5aoNVsU6iWThc,Discovery,2001-03-07,ELECTROPOP🐹,44p8nNLe4fGfUeArS3MaIX,pop,electropop,0.817,0.716,6,-8.898,0,0.144,0.0427,0.00263,0.358,0.692,123.475,224693,electropop,0.8763759163085479,0.05963678821677624,88.40809999999999
4Y3mmrkY9ChgPGlOUvUhBA,lift me from the ground,San Holo,1,3BIUqvrdo2lSMJblnQOoJF,worthy / lift me from the ground,2018-08-03,ELECTROPOP🐹,44p8nNLe4fGfUeArS3MaIX,pop,electropop,0.571,0.688,11,-4.943,0,0.0401,0.523,5.48e-05,0.148,0.346,155.157,260903,electropop,1.204901567597955,0.760173313701579,106.74801599999999
5HXTSRCFYcLtxnOzp9FHiH,Crocodile Tears,Unlike Pluto,45,3rTB7J5VxiRZtaSytw2EG0,Crocodile Tears,2019-09-18,Electropop,2Z5cPJ6Z4EVZAfF08amjvL,pop,electropop,0.662,0.587,9,-8.006,0,0.349,0.159,0.0,0.337,0.503,169.088,168639,electropop,0.8867056092060283,0.27086836308626394,99.254656
08bNPGLD8AhKpnnERrAc6G,FRIENDS,Marshmello,83,1BmxOYHjQv1dKZRr13YRZM,FRIENDS,2018-02-09,ELECTROPOP🐹,44p8nNLe4fGfUeArS3MaIX,pop,electropop,0.626,0.88,9,-2.384,0,0.0504,0.205,0.0,0.128,0.534,95.079,202621,electropop,1.4057485531173273,0.23295428073377186,83.66951999999999
0Fc7ESmkM02PDH5NnPaS5S,Rock Bottom,grandson,61,2BEKXKj00zOhlIH7OJwkO3,Rock Bottom,2019-08-16,Electropop,2Z5cPJ6Z4EVZAfF08amjvL,pop,electropop,0.517,0.702,0,-6.842,1,0.0424,0.000232,0.00165,0.204,0.244,176.088,219207,electropop,1.3578310293403686,0.00033048385970960154,123.61377599999999
5YHR8wBR5jXfGtP766NiAT,If It Ain't Love,Jason Derulo,60,7HoaC5xw6TEBJqZCcBW3Cl,If It Ain't Love,2016-04-01,ELECTROPOP,2UsEj2GUukV0GLbsE3rldz,pop,electropop,0.503,0.843,10,-4.991,0,0.316,0.0487,0.0,0.344,0.778,128.63,203105,electropop,1.6759410021053633,0.05776980098481496,108.43508999999999
3iARls5EH6Q4fks2tWJStQ,Bury Me Low,8 Graves,59,2pmyJxHxpZOYu5XwyJs0Fd,Black,2019-02-22,Electropop,2Z5cPJ6Z4EVZAfF08amjvL,pop,electropop,0.533,0.824,5,-4.2,1,0.101,0.232,5.19e-06,0.269,0.389,155.07,217010,electropop,1.5459633283990084,0.28155305636765005,127.77767999999999
60rSrsvqRE26YFruTLr0UG,On My Mind,Nexy,37,6Dpa95Mpy6sF2jV5kOtKJj,On My Mind,2019-11-20,Electropop,2Z5cPJ6Z4EVZAfF08amjvL,pop,electropop,0.587,0.822,4,-3.808,0,0.215,0.33,2.19e-05,0.331,0.628,160.072,147000,electropop,1.4003383299176662,0.4014593656212097,131.579184
1XRTXNP8eLpWXfso8Q4dC5,Talk About It,Mike Perry,55,75VgBnyHLvSKfmWO3PRT11,Talk About It,2017-03-03,ElectroPop,0cuHKz65ZPqBX1brG8djlg,pop,electropop,0.678,0.594,2,-5.673,0,0.0319,0.0543,0.0,0.182,0.526,123.975,164537,electropop,0.8761049025001436,0.09141398751853953,73.64115
5XzmZjXhMjDHr7ZfJ6DELQ,FourFiveSeconds,Rihanna,21,3W6dGZZiH1GxBiQWE5CjzK,FourFiveSeconds,2015-01-24,ELECTROPOP,2UsEj2GUukV0GLbsE3rldz,pop,electropop,0.579,0.268,2,-5.65,1,0.0442,0.868,0.0,0.12,0.321,205.903,188238,electropop,0.4628662126662994,3.2387938850974436,55.182004
1hVb2D8BQCuwh1YPopmUQS,Sweet Lies (Featuring Sam Gray),SOLANO,25,1mvvsnswange9c5FP9Co3W,Sweet Lies (Featuring Sam Gray),2017-08-11,ELECTROPOP🐹,44p8nNLe4fGfUeArS3MaIX,pop,electropop,0.637,0.68,0,-6.229,1,0.0328,0.064,0.0,0.304,0.528,140.042,206120,electropop,1.0675022488190757,0.09411750865072256,95.22856
69uxyAqqPIsUyTO8txoP2M,Adventure of a Lifetime,Coldplay,74,3cfAM8b8KqJRoIzt3zLKqw,A Head Full of Dreams,2015-12-04,ELECTROPOP🐹,44p8nNLe4fGfUeArS3MaIX,pop,electropop,0.638,0.924,7,-3.887,1,0.0359,0.00205,0.000173,0.149,0.529,111.995,263787,electropop,1.4482735920476613,0.002218612317519137,103.48338000000001
3R8lr1Y1kPgXEbnXkcMMlT,Call On Me - Ryan Riback Remix,Starley,58,3PznGvjYhmK2jeTA1pdxkK,Call On Me,2016-10-07,ELECTROPOP🐹,44p8nNLe4fGfUeArS3MaIX,pop,electropop,0.691,0.821,0,-4.527,1,0.0401,0.136,0.000115,0.092,0.759,104.961,222000,electropop,1.1881314209386094,0.16565144256827946,86.172981
2VEZx7NWsZ1D0eJ4uv5Fym,Digital Love,Daft Punk,64,2noRn2Aes5aoNVsU6iWThc,Discovery,2001-03-07,ELECTROPOP🐹,44p8nNLe4fGfUeArS3MaIX,pop,electropop,0.644,0.664,9,-8.398,1,0.0333,0.0481,0.862,0.342,0.53,124.726,301373,electropop,1.0310542996051248,0.07243964994028622,82.818064
2iLGveANIUf2UmYTKENlm6,Riptide,Unlike Pluto,57,1sfczeTL2xFlbbOsT6ecNy,Pluto Tapes: Volume 2,2019-04-26,Electropop,2Z5cPJ6Z4EVZAfF08amjvL,pop,electropop,0.585,0.685,1,-6.49,0,0.0502,0.388,0.0,0.11,0.46,145.983,193973,electropop,1.1709381693364629,0.566422530770028,99.998355
6eIacmhkE82vZlMDnGS7aP,Bad (feat. Vassy) - Radio Edit,David Guetta,65,77UW17CZFyCaRLHdHeofZu,Listen,2014-11-21,ELECTROPOP,2UsEj2GUukV0GLbsE3rldz,pop,electropop,0.614,0.972,5,-3.927,0,0.088,0.00125,0.0186,0.328,0.411,127.966,170625,electropop,1.5830593109783209,0.001286006907400301,124.38295199999999
4oyWrvyORD6uCSYCLSRF6W,Powerful (feat. Ellie Goulding & Tarrus Riley),Major Lazer,4,2XBnxKeRZi76u2iyGcMych,Peace Is The Mission,2015-05-29,ELECTROPOP,2UsEj2GUukV0GLbsE3rldz,pop,electropop,0.598,0.792,11,-4.043,0,0.0478,0.121,0.0,0.158,0.732,97.479,206327,electropop,1.32441250098244,0.15277758487678675,77.203368
6OZh916QF8XNunWaP97WEZ,Fast Car,Jonas Blue,22,5jfuIbTeaLhBZxsCVv3QyM,Fast Car,2015-12-04,ELECTROPOP,2UsEj2GUukV0GLbsE3rldz,pop,electropop,0.459,0.587,9,-6.983,1,0.0785,0.453,0.0,0.307,0.581,113.901,212424,electropop,1.2788643161997468,0.7717192986042614,66.859887
7hDc8b7IXETo14hHIHdnhd,Passionfruit,Drake,15,7Ix0FS4f1lK42C3rix5rHg,More Life,2017-03-18,ELECTROPOP🐹,44p8nNLe4fGfUeArS3MaIX,pop,electropop,0.809,0.463,11,-11.377,1,0.0396,0.256,0.085,0.109,0.364,111.98,298941,electropop,0.5723107882437722,0.5529145725387202,51.846740000000004
4kWO6O1BUXcZmaxitpVUwp,Jackie Chan,Tiësto,79,0vRcQquqBlFvnezWldWfmt,Jackie Chan,2018-05-18,Electropop,2Z5cPJ6Z4EVZAfF08amjvL,pop,electropop,0.747,0.834,3,-2.867,0,0.045,0.374,0.0,0.0586,0.687,128.005,215760,electropop,1.1164643688562665,0.4484407093037059,106.75617
1ZPWWSwCkxKfqdp4H0RFCo,ROXANNE,Arizona Zervas,71,1BAHbTOKeZ1w0DeFSVi5Tn,ROXANNE,2019-10-10,Electropop,2Z5cPJ6Z4EVZAfF08amjvL,pop,electropop,0.621,0.601,6,-5.616,0,0.148,0.0522,0.0,0.46,0.457,116.735,163636,electropop,0.9677923223956161,0.08685509674692722,70.157735
5gIRPQWULwrvIt0F6pY7ph,Stranger Things (feat. OneRepublic),Kygo,11,5PwJQShNbsoWSKZ9VPEHTY,Kids in Love,2017-11-03,ElectroPop,0cuHKz65ZPqBX1brG8djlg,pop,electropop,0.604,0.661,0,-5.914,1,0.0375,0.234,0.0,0.0951,0.506,107.016,221440,electropop,1.094369049057866,0.3540085415907086,70.737576
4VrWlk8IQxevMvERoX08iC,Chandelier,Sia,79,3xFSl9lIRaYXIYkIn3OIl9,1000 Forms Of Fear,2014-07-04,ELECTROPOP,2UsEj2GUukV0GLbsE3rldz,pop,electropop,0.399,0.787,1,-2.88,1,0.0499,0.0197,6.07e-05,0.0685,0.572,117.089,216120,electropop,1.9724261342703402,0.025031734394238378,92.149043
3Q3myFA7q4Op95DOpHplaY,do re mi,blackbear,79,30QoUTsSdpQuZunPNFsLnm,digital druglord,2017-04-21,Electropop,2Z5cPJ6Z4EVZAfF08amjvL,pop,electropop,0.745,0.593,8,-6.35,1,0.0526,0.00522,5.25e-06,0.123,0.17,111.002,212027,electropop,0.7959720859435088,0.008802683300702697,65.824186
1UfBAJfmofTffrae5ls6DA,Hotline Bling,Drake,10,2rTxwqA6v4lccbPKD31CQI,Hotline Bling,2015-07-31,ELECTROPOP,2UsEj2GUukV0GLbsE3rldz,pop,electropop,0.893,0.639,2,-7.857,1,0.0549,0.00226,0.000315,0.0382,0.579,134.963,267024,electropop,0.7155647082142125,0.0035367706779801593,86.241357
00S35gEf40z03JTJgvQMqi,It's You - Radio Edit,Syn Cole,51,34u7JI9MqdhGSkhMNrlDST,It's You,2015-04-07,ElectroPop,0cuHKz65ZPqBX1brG8djlg,pop,electropop,0.646,0.831,10,-4.164,1,0.0523,0.11,1.04e-05,0.134,0.486,127.957,211875,electropop,1.2863757176846473,0.1323704784952124,106.33226699999999
48bSfSZaq9Aizbu4AWn4st,Febreze (feat. 2 Chainz),Jack Ü,57,6bfkwBrGYKJFk6Z4QVyjxd,Skrillex and Diplo present Jack Ü,2015-02-24,ELECTROPOP🐹,44p8nNLe4fGfUeArS3MaIX,pop,electropop,0.68,0.983,2,-3.51,1,0.333,0.0184,0.0,0.289,0.263,149.829,214400,electropop,1.4455861094321918,0.01871819052066071,147.28190700000002
4lYxJPxy3jMEADaFhtcWRV,Mister Glassman,Scotty Sire,57,72xyphE9PoNRwFkATRYwbv,Ruin Your Party,2018-10-12,Electropop,2Z5cPJ6Z4EVZAfF08amjvL,pop,electropop,0.886,0.478,0,-6.83,1,0.051,0.206,1.4e-05,0.392,0.504,118.02,221707,electropop,0.5395027770849017,0.4309614415032605,56.41356
6uBDgLalRT3Ume0WyYae8f,Bottles,Jacala,39,07gsuFmG5stL5WcQoS23CT,Bottles,2019-08-23,Electropop,2Z5cPJ6Z4EVZAfF08amjvL,pop,electropop,0.847,0.89,1,-4.364,0,0.125,0.0477,0.00506,0.134,0.714,118.989,155587,electropop,1.0507661738297829,0.053595445398375956,105.90021
7LJkGyL4vVrtn1mho7BmtA,"Know No Better (feat. Travis Scott, Camila Cabello & Quavo)",Major Lazer,57,4PJtsH62RuojHmS3VCAHXx,Know No Better,2017-06-01,ELECTROPOP🐹,44p8nNLe4fGfUeArS3MaIX,pop,electropop,0.738,0.814,7,-4.414,0,0.0999,0.132,9.64e-06,0.126,0.483,119.041,225850,electropop,1.1029795352580822,0.16216196294599147,96.899374
0PDUDa38GO8lMxLCRc4lL1,PILLOWTALK,ZAYN,78,5amj9zNeZ3B2EdpBgXrOZ0,Mind Of Mine (Deluxe Edition),2016-03-25,ELECTROPOP,2UsEj2GUukV0GLbsE3rldz,pop,electropop,0.584,0.7,11,-4.275,1,0.0456,0.117,0.0,0.0939,0.438,124.944,202747,electropop,1.1986280845409512,0.16714261836768807,87.46079999999999
2FiSTH0GYpIioUgjfzMIja,Stay (feat. Maty Noyes),Kygo,62,0uMIzWh1uEpHEBell4rlF8,Cloud Nine,2016-05-13,ELECTROPOP,2UsEj2GUukV0GLbsE3rldz,pop,electropop,0.648,0.736,8,-7.948,1,0.0385,0.0444,0.000137,0.171,0.378,103.027,239465,electropop,1.135800716356919,0.06032600499184104,75.827872
57p8CBvPOxrvyCbn6ttl5r,Would You Ever,Skrillex,67,2czvZrAe1DWj6uc4iOqtJX,Would You Ever,2017-07-26,ELECTROPOP🐹,44p8nNLe4fGfUeArS3MaIX,pop,electropop,0.653,0.91,10,-3.36,1,0.0566,0.0079,0.0,0.318,0.0921,126.047,234286,electropop,1.3935660129157534,0.008681309141418526,114.70277
6RnkFd8Fqqgk1Uni8RgqCQ,Like I Do,David Guetta,72,5oU1ROIHS6IOWnb87GWhqU,Like I Do,2018-02-22,ELECTROPOP🐹,44p8nNLe4fGfUeArS3MaIX,pop,electropop,0.635,0.9,0,-3.719,0,0.0377,0.00664,0.0145,0.37,0.15,127.978,202500,electropop,1.4173206026447203,0.007377769580256021,115.1802
7x5xYW5W42OGPAdHUyyguy,Locked Away,R. City,73,4AUTMNSP56xicSznzKgzjB,What Dreams Are Made Of,2015-10-09,ELECTROPOP,2UsEj2GUukV0GLbsE3rldz,pop,electropop,0.509,0.671,1,-5.709,1,0.0678,0.304,0.0,0.0452,0.55,118.413,227480,electropop,1.3182685299243027,0.45305446638678626,79.455123
6BnONjR7itGMEqwxKTIlRM,Safe And Sound,Capital Cities,13,5ps3FwS0qGdRCvXop8q9vn,In A Tidal Wave Of Mystery (Deluxe Edition),2013,ElectroPop,0cuHKz65ZPqBX1brG8djlg,pop,electropop,0.653,0.822,0,-4.857,1,0.033,0.00021,0.0047,0.0838,0.762,117.949,192790,electropop,1.258803585293131,0.00025547414175895164,96.954078
4KymXbJweU4DZGKLy3JR0p,Stronger,Prismo,60,69Iohe9im7tmyCZfvQUUMN,Stronger,2017-12-09,Electropop,2Z5cPJ6Z4EVZAfF08amjvL,pop,electropop,0.623,0.783,9,-7.042,0,0.0885,0.0106,8.53e-05,0.0944,0.426,140.013,212576,electropop,1.2568198124882624,0.0135376583171669,109.63017900000001
6hmhG1b4LEyNuashVvuIAo,Never Forget You,Zara Larsson,76,5YLRVHDVRw3QqWbeTGpC5B,So Good,2017-03-17,ElectroPop,0cuHKz65ZPqBX1brG8djlg,pop,electropop,0.583,0.732,11,-5.728,0,0.0457,0.00312,9.86e-06,0.269,0.276,145.992,213428,electropop,1.2555724604245961,0.0042622892591676785,106.86614399999999
76pb7byVgncOfaeFzHqs5M,Call You Home - Faul & Wad Ad Remix,Kelvin Jones,51,2zusSUhEAcXlDpyRIx89XD,Call You Home (Remixes),2015-10-02,ElectroPop,0cuHKz65ZPqBX1brG8djlg,pop,electropop,0.805,0.499,1,-10.678,0,0.0382,0.839,0.113,0.0685,0.509,102.996,271267,electropop,0.6198750063664517,1.6813593559932747,51.395004
2kLf4myxQME1Nd0voeKZri,Stay Young,Mike Perry,57,5sOd5q1iOb5gkBAX2F4LKn,Stay Young,2017-09-01,ElectroPop,0cuHKz65ZPqBX1brG8djlg,pop,electropop,0.572,0.713,5,-4.826,1,0.0406,0.0754,0.0,0.226,0.559,89.996,157005,electropop,1.2465013173053894,0.10575020231388174,64.167148
4JuZQeSRYJfLCqBgBIxxrR,Ocean Eyes - Blackbear Remix,Billie Eilish,73,44OSkEmvHwdTFhPBCewIks,Ocean Eyes (The Remixes),2017-01-13,Electropop,2Z5cPJ6Z4EVZAfF08amjvL,pop,electropop,0.661,0.419,4,-9.807,0,0.0404,0.114,1.19e-05,0.0848,0.145,144.98,195307,electropop,0.6338870894295167,0.27207572296963495,60.74661999999999
3ZbJMlEL4Kcme0ONRO7Slx,You Can Cry,Marshmello,63,6TvqOieExu0IJb9Q1gOoCz,You Can Cry,2018-05-04,ELECTROPOP🐹,44p8nNLe4fGfUeArS3MaIX,pop,electropop,0.491,0.617,4,-4.545,0,0.147,0.0974,0.0,0.27,0.17,126.816,194533,electropop,1.2566165853022704,0.15786036003183138,78.245472
4sHR2dZb1GkdgLHS2zTxrm,Run Wild,Thutmose,54,4BrKIRxZaYEh0ZZutEPPpY,Run Wild - EP,2018-08-08,Electropop,2Z5cPJ6Z4EVZAfF08amjvL,pop,electropop,0.582,0.962,11,-2.956,1,0.132,0.011,0.0,0.628,0.576,76.014,159474,electropop,1.6529181221338107,0.011434499548337267,73.125468
4kgsK0fftHtg9gZOzkU5T2,Dark Horse,Katy Perry,13,4lFDt4sVpCni9DRHRmDjgG,PRISM (Deluxe),2013-01-01,ELECTROPOP,2UsEj2GUukV0GLbsE3rldz,pop,electropop,0.645,0.589,6,-6.131,1,0.0523,0.00396,0.0,0.145,0.35,131.899,215672,electropop,0.9131768787955367,0.006723248347625895,77.68851099999999
6UcTHiP25meOD9ox8Rspgx,Sing Me to Sleep,Alan Walker,10,6v6EzwVvKfFZfThip9675y,Sing Me to Sleep,2016-06-03,ELECTROPOP,2UsEj2GUukV0GLbsE3rldz,pop,electropop,0.491,0.607,4,-6.333,0,0.0668,0.0125,1.52e-06,0.289,0.166,176.112,189333,electropop,1.2362500280040163,0.020593046798934433,106.89998399999999
75NhhYjHO43mvZgYtnXgti,Lonely Together (feat. Rita Ora),Avicii,73,1m3mf7xkXIwssVriaaTjOS,AVĪCI (01),2017-08-10,ELECTROPOP🐹,44p8nNLe4fGfUeArS3MaIX,pop,electropop,0.655,0.666,5,-5.309,1,0.0612,0.134,2.12e-05,0.0683,0.272,102.977,181812,electropop,1.0167923407750523,0.2012008990977491,68.582682
4OZEu0Vwq0RB2LAq14v99n,Middle,DJ Snake,9,55bbXORm6ZrVq52zfZnxBf,Encore,2016-08-05,ElectroPop,0cuHKz65ZPqBX1brG8djlg,pop,electropop,0.611,0.7,9,-5.331,1,0.0436,0.0199,0.0,0.0549,0.213,104.981,220573,electropop,1.145660972731632,0.02842853081638455,73.48669999999998
1Rpj9CZE7cGSXUCfiBf0eA,Ghosts,Jacob Tillberg,58,5Y9i4ZFAG2GM7ugIM916dY,Ghosts,2016-02-05,Electropop,2Z5cPJ6Z4EVZAfF08amjvL,pop,electropop,0.719,0.809,6,-4.679,1,0.182,0.286,0.0,0.081,0.238,125.072,215050,electropop,1.1251722876602397,0.3535224307510126,101.183248
2r4ryc4r1Y6pMgdBJmG2Wk,Show Me Love - Official Festival Mix Edit,Michael Mind Project,40,029HEGMA07SEMd36ZLaww6,Show Me Love,2014-03-28,Fitness Workout Electro | House | Dance | Progressive House,6KnQDwp0syvhfHOR4lWP7x,edm,progressive electro house,0.606,0.761,2,-6.378,0,0.0293,0.00476,0.00269,0.162,0.0915,129.974,208623,fitness workout electro | house | dance | progressive house,1.2557735053242487,0.006254919507333105,98.910214
0twZvYPeZTFTEaCopQoqId,Trojan - Original Mix,Sidney Samson,0,6O6ZegZZNuLGJYd3JS8NLr,Trojan,2014-05-26,Fitness Workout Electro | House | Dance | Progressive House,6KnQDwp0syvhfHOR4lWP7x,edm,electro house,0.762,0.68,6,-8.098,1,0.052,0.000186,0.882,0.078,0.0333,127.985,316875,fitness workout electro | house | dance | progressive house,0.8923872803316532,0.00027352900951616244,87.02980000000001
3bT5PDBhVj4ifU11zQvGP2,Red Lights,Tiësto,5,6r4WlaL3yGXz3HLWxJwsdc,Red Lights,2013-12-13,Fitness Workout Electro | House | Dance | Progressive House,6KnQDwp0syvhfHOR4lWP7x,edm,electro house,0.653,0.829,10,-4.783,1,0.0377,0.000739,1.5e-06,0.225,0.545,124.989,263890,fitness workout electro | house | dance | progressive house,1.2695233238540216,0.0008914343891020638,103.615881
4y8XhpQ7YqFLyz2o7c7r7X,Do It Again,Röyksopp,36,05n3aJPY0hE4R9cDro3B2c,Do It Again,2014-04-28,Fitness Workout Electro | House | Dance | Progressive House,6KnQDwp0syvhfHOR4lWP7x,edm,electro house,0.617,0.674,5,-5.368,0,0.0497,0.00217,0.00498,0.0808,0.765,123.958,306440,fitness workout electro | house | dance | progressive house,1.0923807254769442,0.003219579792908319,83.547692
11xsm79HwpWV1C1lMXoVo9,Gypsy Drop - Radio Edit,Filip Jenven,38,4VVtbL1thMQf4EX1232w3C,Gypsy Drop (Radio Edit),2014-03-14,Fitness Workout Electro | House | Dance | Progressive House,6KnQDwp0syvhfHOR4lWP7x,edm,progressive electro house,0.797,0.962,1,-4.239,1,0.0906,0.000359,0.767,0.0454,0.422,128.047,180502,fitness workout electro | house | dance | progressive house,1.207024834347761,0.00037318048525937085,123.181214
4GWfs4aOX9NG4msG9OA5er,Bazooka - 538 Turn Up The Beach 2014 Theme,Firebeatz,0,0UXQ2dDut5uzCrUsPNo7uY,Bazooka,2014-06-02,Fitness Workout Electro | House | Dance | Progressive House,6KnQDwp0syvhfHOR4lWP7x,edm,progressive electro house,0.542,0.928,0,-4.402,1,0.0902,0.00171,0.134,0.0836,0.186,128.021,185625,fitness workout electro | house | dance | progressive house,1.7121739627786663,0.001842670428156866,118.80348799999999
23gEWg886oyEWphJOhplT1,Bounce Generation - Original Mix,TJR,0,0dSLkirEP1I4t773QZ9Jvd,Bounce Generation,2014-05-19,Fitness Workout Electro | House | Dance | Progressive House,6KnQDwp0syvhfHOR4lWP7x,edm,progressive electro house,0.746,0.997,2,-1.631,1,0.169,0.000572,0.159,0.17,0.27,127.991,228765,fitness workout electro | house | dance | progressive house,1.3364593345049134,0.0005737205880435426,127.607027
0qDOSuKfzm8dKrXAMVKe0J,Rambo - Hardwell Edit,Deorro,41,5uIRpyLg0qTAeK2KFD8Rjd,Rambo,2014-06-23,Fitness Workout Electro | House | Dance | Progressive House,6KnQDwp0syvhfHOR4lWP7x,edm,progressive electro house,0.667,0.949,7,-3.228,1,0.054,0.00287,0.252,0.621,0.0567,127.953,235861,fitness workout electro | house | dance | progressive house,1.422786472583999,0.0030242328511771856,121.427397
1QC7vpmKZW0Nb3I16f9jND,King - Radio Edit,Ahzee,42,29eIIRYSRr61sNpRDb2qYo,King (Radio Edit),2014-02-22,Fitness Workout Electro | House | Dance | Progressive House,6KnQDwp0syvhfHOR4lWP7x,edm,progressive electro house,0.796,0.907,7,-1.908,0,0.0746,0.00329,0.142,0.226,0.0624,128.037,206323,fitness workout electro | house | dance | progressive house,1.1394458047163256,0.003627338889372779,116.12955900000001
5VHkkdAWbO8QKMKHnFNotP,Bang - Tiësto Bootleg Radio Edit,3LAU,0,1j6puCCCDSW7hhk6Vi5Z2b,Bang (Tiësto Bootleg),2014-05-12,Fitness Workout Electro | House | Dance | Progressive House,6KnQDwp0syvhfHOR4lWP7x,edm,electro house,0.707,0.797,10,-3.249,0,0.075,0.00122,0.0058,0.266,0.309,127.94,208126,fitness workout electro | house | dance | progressive house,1.1272968496508493,0.0015307383554098424,101.96818
3BC5s3KuoL1lhtllHkY4lV,Wizard - Radio Edit,Martin Garrix,1,4HQAV590YcGCUIfSIlLyWD,Wizard,2013-12-16,Fitness Workout Electro | House | Dance | Progressive House,6KnQDwp0syvhfHOR4lWP7x,edm,progressive electro house,0.565,0.916,7,-4.715,0,0.052,0.00439,0.488,0.617,0.0795,127.844,202413,fitness workout electro | house | dance | progressive house,1.6212360686087282,0.004792571187149358,117.105104
13ihPYxYfIt4Oe3crs4jqu,You - Tom Staar Remix,Galantis,20,4rUqAgqHBNBn5kz25h6ghr,You Remixes,2014-05-26,Fitness Workout Electro | House | Dance | Progressive House,6KnQDwp0syvhfHOR4lWP7x,edm,progressive electro house,0.485,0.978,1,-2.931,0,0.181,0.00479,0.00897,0.349,0.213,127.988,364286,fitness workout electro | house | dance | progressive house,2.016490687648067,0.004897745503327706,125.172264
1gOxFgeDG2xUKFfCnHnl37,ACIIID - Original Mix,Moguai,0,4nsgu9TfBb9d9GPMrKYNdL,ACIIID,2014-05-26,Fitness Workout Electro | House | Dance | Progressive House,6KnQDwp0syvhfHOR4lWP7x,edm,progressive electro house,0.65,0.943,1,-3.705,1,0.0699,0.00383,0.591,0.0934,0.0695,128.954,358063,fitness workout electro | house | dance | progressive house,1.4507669988200016,0.004061501525449072,121.603622
2Lv7vYpPx68ttqspWdMnvw,Payback,Dimitri Vangelis & Wyman,1,2N6nSi9sTO5Tvfq0bEmRc0,Payback,2014-04-21,Fitness Workout Electro | House | Dance | Progressive House,6KnQDwp0syvhfHOR4lWP7x,edm,progressive electro house,0.632,0.83,7,-5.193,0,0.063,0.0485,0.079,0.566,0.319,128.013,349507,fitness workout electro | house | dance | progressive house,1.3132890612514851,0.058433664537753574,106.25079
4sKxpfxfS5AdVczPBtv4QX,Bigfoot - Original Mix,W&W,47,7tuB6fsxNlm5opvTM90yIY,Bigfoot,2014-02-24,Fitness Workout Electro | House | Dance | Progressive House,6KnQDwp0syvhfHOR4lWP7x,edm,progressive electro house,0.661,0.887,5,-3.996,0,0.0736,0.00108,0.757,0.0756,0.159,127.992,270000,fitness workout electro | house | dance | progressive house,1.341904172610934,0.0012175860004667413,113.52890400000001
06qKEP3ITnVPmH2ZW1zYvn,Shotgun - Quintino Remix,Yellow Claw,0,0tKVMaya0qTMQFf7yQHMvC,Shotgun (The Remixes),2014-02-10,Fitness Workout Electro | House | Dance | Progressive House,6KnQDwp0syvhfHOR4lWP7x,edm,electro house,0.742,0.93,9,-3.669,1,0.0654,0.00286,0.00779,0.0754,0.337,127.977,293307,fitness workout electro | house | dance | progressive house,1.2533675830625566,0.003075265510467193,119.01861000000001
14KtEyr1OCJnaYzWIpRHSA,Raise Those Hands,R3HAB,0,3vJrpSfSJajITZA45LDjVA,Raise Those Hands,2013-07-15,Fitness Workout Electro | House | Dance | Progressive House,6KnQDwp0syvhfHOR4lWP7x,edm,progressive electro house,0.675,0.945,7,-2.672,1,0.165,0.00477,0.49,0.0655,0.0855,130.053,302769,fitness workout electro | house | dance | progressive house,1.3999979259289983,0.005047613706228882,122.90008499999999
6Omn4mz6wbBlz66hNdK3gz,Bombaclat - Original Mix,Firebeatz,0,2GEliEJPOCDGkXjeKeVhr1,Bombaclat,2014-07-05,Fitness Workout Electro | House | Dance | Progressive House,6KnQDwp0syvhfHOR4lWP7x,edm,progressive electro house,0.625,0.729,11,-4.775,0,0.13,0.00154,0.313,0.0896,0.192,130.059,283125,fitness workout electro | house | dance | progressive house,1.1663981337629858,0.0021124799554458774,94.81301099999999
6oFd2c2UiVfFBTIJiFVfz6,Howl At The Moon - Radio Edit,Stadiumx,0,2PbxYpEOoknsPzrr0nkkSJ,Howl At The Moon,2014-03-10,Fitness Workout Electro | House | Dance | Progressive House,6KnQDwp0syvhfHOR4lWP7x,edm,electro house,0.514,0.934,10,-3.201,0,0.0992,0.0525,0.00089,0.137,0.182,127.953,183750,fitness workout electro | house | dance | progressive house,1.8171170873208418,0.05620978992527845,119.50810200000001
5LIx8Ml1BggykfpwwkOgbC,Crackin - Martin Garrix Edit,Bassjackers,0,2dmDeBxm9oZ0UY9zU3aksx,Crackin (Martin Garrix Edit),2014-03-28,Fitness Workout Electro | House | Dance | Progressive House,6KnQDwp0syvhfHOR4lWP7x,edm,electro house,0.489,0.885,5,-4.892,0,0.111,0.000101,0.751,0.375,0.165,128.01,262510,fitness workout electro | house | dance | progressive house,1.8098122498726998,0.00011412416483145216,113.28885
1yDgazw4dqONK0SdaRmCea,Warzone - Radio Edit,Husman,5,4kJmp70LqcPnGYLBVkRBMW,Warzone,2014-05-19,Fitness Workout Electro | House | Dance | Progressive House,6KnQDwp0syvhfHOR4lWP7x,edm,electro house,0.422,0.529,10,-6.477,1,0.0385,0.0169,0.0,0.172,0.322,125.602,200625,fitness workout electro | house | dance | progressive house,1.253551531868408,0.03194700955196681,66.443458
2x6hopxvQkOzZTBdEMyUO2,Metropolis,David Guetta,40,4bTjdxhRRUiWfwj200f9Kl,Nothing but the Beat (Ultimate Edition),2012-12-07,Fitness Workout Electro | House | Dance | Progressive House,6KnQDwp0syvhfHOR4lWP7x,edm,electro house,0.691,0.982,2,-2.894,1,0.13,0.00301,0.195,0.244,0.364,128.03,330013,fitness workout electro | house | dance | progressive house,1.421126742218897,0.0030651699947352395,125.72546
0GaBMjNGzWVARb3fReN6dx,Umami - Original Mix,Yves V,0,5XW1zfwvE34dWJGMJl0Bsq,Umami,2013-11-29,Fitness Workout Electro | House | Dance | Progressive House,6KnQDwp0syvhfHOR4lWP7x,edm,electro house,0.601,0.919,5,-4.901,1,0.0566,6.52e-05,0.738,0.0554,0.219,127.992,345048,fitness workout electro | house | dance | progressive house,1.529115592153757,7.094660397540372e-05,117.62464800000001
1oX0fJip3Pg8n38740vcKs,Bouncer - Original Mix,Showtek,0,2Bx1cflHftijBhvq8vN2J9,Bouncer,2014-04-07,Fitness Workout Electro | House | Dance | Progressive House,6KnQDwp0syvhfHOR4lWP7x,edm,electro house,0.479,0.898,6,-4.077,0,0.0431,4.87e-05,0.144,0.0673,0.311,128.088,263593,fitness workout electro | house | dance | progressive house,1.8747351258139338,5.423156544369104e-05,115.02302399999999
037yW9RzsLze4OmBYmcH4G,Save My Night - BlasterJaxx Remix,Armin van Buuren,16,16AD0yLkUKcp2FBtXKOE9j,Save My Night (BlasterJaxx Remix),2014-03-10,Fitness Workout Electro | House | Dance | Progressive House,6KnQDwp0syvhfHOR4lWP7x,edm,electro house,0.686,0.906,8,-4.886,1,0.0475,0.00196,0.745,0.052,0.165,129.972,326827,fitness workout electro | house | dance | progressive house,1.320697783239383,0.0021633530205816547,117.75463200000002
3EBe4cSkKqjkv3AEAmjyaF,Make Some Noise,Chuckie,28,7FNaEqhkxTchvHdwYLpPJu,Clubbers Bible 2012 (Deluxe Edition),2012-11-26,Fitness Workout Electro | House | Dance | Progressive House,6KnQDwp0syvhfHOR4lWP7x,edm,progressive electro house,0.635,0.784,4,-2.814,1,0.175,0.000602,8.8e-06,0.101,0.212,128.067,285942,fitness workout electro | house | dance | progressive house,1.2346437249705118,0.000767856163448771,100.40452800000001
56I2Mg0Q0O7L5EUmYBGCW6,Collide (D.O.D Remix) [feat. Collin MC Loughlin],Laidback Luke,0,6fmlcQbaWvHH6xI8AQOn6H,Collide (Remixes),2014-03-18,Fitness Workout Electro | House | Dance | Progressive House,6KnQDwp0syvhfHOR4lWP7x,edm,progressive electro house,0.599,0.986,4,-2.54,1,0.0781,0.047,0.726,0.272,0.308,127.964,331992,fitness workout electro | house | dance | progressive house,1.6460740466209571,0.047667294455076614,126.172504
7lxunsaDjpbHFvVs9Db0O7,Jupiter - Radio Edit,East & Young,30,0CyUzhCenwscQJEwcP70hX,Jupiter (Radio Edit),2014-02-28,Fitness Workout Electro | House | Dance | Progressive House,6KnQDwp0syvhfHOR4lWP7x,edm,electro house,0.601,0.935,6,-3.96,1,0.0468,0.000524,0.848,0.111,0.112,126.025,212381,fitness workout electro | house | dance | progressive house,1.5557378440302096,0.0005604272080992427,117.83337500000002
0gEZssZrAI2zNLcg3u8i5Q,Snow White (Alive) - Radio Edit,Muttonheads,0,0TiY2WYkaf7EwxqeoQU68T,Snow White (Alive),2013-01-01,Fitness Workout Electro | House | Dance | Progressive House,6KnQDwp0syvhfHOR4lWP7x,edm,progressive electro house,0.668,0.811,5,-3.522,1,0.0393,0.0278,0.0147,0.475,0.578,130.039,198207,fitness workout electro | house | dance | progressive house,1.2140700388173071,0.0342786260436177,105.461629
5QKPi7unCLHGLv6gJ0c6Vi,Aye,New World Sound,0,1yiYGke7lNVQo2U6OC9xAv,Aye,2013-07-05,Fitness Workout Electro | House | Dance | Progressive House,6KnQDwp0syvhfHOR4lWP7x,edm,progressive electro house,0.771,0.84,4,-5.164,0,0.0492,0.000398,0.867,0.117,0.168,129.001,324383,fitness workout electro | house | dance | progressive house,1.0894927503336571,0.00047380895975123843,108.36084
0vJ9I27nDA6PofOm83NH3s,Sasha Gray - Radio Edit,DJ Kuba,7,7fFszQUqKks0fJ9Row9Q4H,Sasha Gray,2014-03-17,Fitness Workout Electro | House | Dance | Progressive House,6KnQDwp0syvhfHOR4lWP7x,edm,electro house,0.749,0.942,5,-3.141,1,0.184,0.0186,0.00411,0.319,0.294,128.054,182840,fitness workout electro | house | dance | progressive house,1.2576752233975654,0.019745201969000033,120.626868
1RhK8kEjB5lUYARdK7truS,Phat Brahms (Steve Aoki & Angger Dimas vs. Dimitri Vegas & Like Mike) [Radio Edit],Steve Aoki,0,5oD9tg2sHj74MK4F1NnetR,Phat Brahms (Steve Aoki & Angger Dimas vs. Dimitri Vegas & Like Mike) [Remixes],2013-02-05,Fitness Workout Electro | House | Dance | Progressive House,6KnQDwp0syvhfHOR4lWP7x,edm,electro house,0.582,0.946,4,-3.384,0,0.215,0.00189,0.241,0.248,0.43,128.073,186359,fitness workout electro | house | dance | progressive house,1.6254267604351196,0.001997883723167312,121.157058
2cECvldC3qtMue7yH9BxGO,The Illest - DEORRO Remix,Far East Movement,0,7dHsCVaCfi4dqtfxkmsT0d,The Illest (Remixes),2014-01-01,Fitness Workout Electro | House | Dance | Progressive House,6KnQDwp0syvhfHOR4lWP7x,edm,progressive electro house,0.809,0.947,1,-3.73,1,0.0576,0.0022,0.136,0.343,0.711,127.939,215613,fitness workout electro | house | dance | progressive house,1.1705795172070244,0.0023231232068392747,121.15823299999998
4J82lONPEFQ0P9rnkUahI3,Flashing Lights,Laidback Luke,0,3XrbXDarlptmXDPZmSSwUM,Flashing Lights,2014-05-06,Fitness Workout Electro | House | Dance | Progressive House,6KnQDwp0syvhfHOR4lWP7x,edm,electro house,0.721,0.961,4,-2.866,0,0.0494,0.00797,0.834,0.412,0.312,128.959,275996,fitness workout electro | house | dance | progressive house,1.3328691638430459,0.008293435698818212,123.929599
3ietiUYcpAjD0burVmHBri,Can't You See - Original Mix,Shermanology,0,0FsXNwHjEaItMlTCu4hqAf,Can't You See,2014-03-17,Fitness Workout Electro | House | Dance | Progressive House,6KnQDwp0syvhfHOR4lWP7x,edm,progressive electro house,0.596,0.602,9,-5.09,1,0.0589,0.00024,0.399,0.0836,0.109,128.013,294380,fitness workout electro | house | dance | progressive house,1.0100654193533232,0.00039867043410226895,77.063826
60ujaCxju6Qndk01pIQ2Pk,Miraj - Original Mix,Sandro Silva,0,2DI4n9885hCIl7DBkz6qRr,Miraj,2014-02-10,Fitness Workout Electro | House | Dance | Progressive House,6KnQDwp0syvhfHOR4lWP7x,edm,electro house,0.545,0.928,4,-3.801,0,0.0475,0.00472,0.826,0.0891,0.408,130.01,310718,fitness workout electro | house | dance | progressive house,1.7027491692675791,0.005086201415731233,120.64928
0By6lqHxAy8aKnbcmRqkBU,Derp,Bassjackers,0,67AGNKIQaoBFL6HO44Mz6S,Derp,2014-04-28,Fitness Workout Electro | House | Dance | Progressive House,6KnQDwp0syvhfHOR4lWP7x,edm,progressive electro house,0.648,0.973,6,-4.392,1,0.0872,0.000644,0.656,0.133,0.223,127.95,279375,fitness workout electro | house | dance | progressive house,1.5015408926838074,0.0006618698233609216,124.49535
4oJlQHvcgGMcnPdEsDVqNq,Catch - Radio Edit,Will Sparks,34,2v161wEhC6xGOo0e51H9WK,Catch (Radio Edit),2014-02-14,Fitness Workout Electro | House | Dance | Progressive House,6KnQDwp0syvhfHOR4lWP7x,edm,electro house,0.532,0.659,1,-4.198,0,0.437,0.00505,0.287,0.307,0.586,127.339,176240,fitness workout electro | house | dance | progressive house,1.2387194760912104,0.007663114320008618,83.91640100000001
2tBtdRjNw2YYIEzj6VtQhq,Boy Oh Boy,Diplo,1,1Mcjc6eMSQbpXsjIwUNPd9,Boy Oh Boy,2013-10-15,Fitness Workout Electro | House | Dance | Progressive House,6KnQDwp0syvhfHOR4lWP7x,edm,electro house,0.539,0.954,1,-3.054,0,0.12,0.00224,0.835,0.0623,0.389,129.956,174399,fitness workout electro | house | dance | progressive house,1.7699410576232695,0.0023480059245220915,123.97802399999999
5RCQsNJYVvCZRt5ggzkjkY,I'm So Hot - Tonic Remix,J-Trick,23,56v6ttiriPzntj5U1ZQqqC,I'm So Hot EP - The Remixes,2012-06-18,Fitness Workout Electro | House | Dance | Progressive House,6KnQDwp0syvhfHOR4lWP7x,edm,progressive electro house,0.839,0.907,1,-2.254,1,0.0788,0.0339,5.88e-06,0.0849,0.714,128.028,250313,fitness workout electro | house | dance | progressive house,1.0810475792043157,0.03737592351055842,116.12139599999999
5H4SOkZ3ELKnBKY1XMzVst,Puzzle,Quintino,0,6JIyzakUj1xcmjzZaPPWT4,Puzzle,2013-08-19,Fitness Workout Electro | House | Dance | Progressive House,6KnQDwp0syvhfHOR4lWP7x,edm,progressive electro house,0.666,0.894,6,-4.422,0,0.0511,0.000108,0.721,0.169,0.0424,129.993,360168,fitness workout electro | house | dance | progressive house,1.342340326816326,0.00012080523399861968,116.213742
48G3g0cNjZZLwRTTcBbc1u,Echo - Original Mix,Blasterjaxx,1,0TMcMTSiGM7HsMJgrdILr2,Echo,2014-04-21,Fitness Workout Electro | House | Dance | Progressive House,6KnQDwp0syvhfHOR4lWP7x,edm,progressive electro house,0.746,0.698,2,-6.962,0,0.0424,0.078,0.881,0.148,0.234,127.977,335630,fitness workout electro | house | dance | progressive house,0.9356555822311229,0.11174769090588696,89.327946
6q7HUVZZ5BDt2YBPM0s6Qn,Scorpio,Denzal Park,0,3QOWlztdoKnJrXdkikppIx,"Miami 2013 (Mixed by Mync, R3Hab and Nari & Milani)",2013-03-08,Fitness Workout Electro | House | Dance | Progressive House,6KnQDwp0syvhfHOR4lWP7x,edm,progressive electro house,0.699,0.782,5,-2.757,0,0.0451,0.000748,0.855,0.078,0.378,126.996,338268,fitness workout electro | house | dance | progressive house,1.1187394581695878,0.0009565205159584194,99.310872
7Go01FM0sfNRmNs7uJka4b,Dechorro - Radio Edit,Deorro,0,65n6u21Ru0z6IZJVmvZrcD,Dechorro,2014-02-21,Fitness Workout Electro | House | Dance | Progressive House,6KnQDwp0syvhfHOR4lWP7x,edm,electro house,0.769,0.919,5,-2.92,0,0.136,0.0172,0.00144,0.282,0.411,127.994,177154,fitness workout electro | house | dance | progressive house,1.195056963515002,0.01871597528185497,117.626486
4pWfWlnxmtUHVnzuqTTyP7,What's Up Suckaz,TJR,0,3eF6IFrr23e8Y0kDdhby5U,What's Up Suckaz,2013-01-01,Fitness Workout Electro | House | Dance | Progressive House,6KnQDwp0syvhfHOR4lWP7x,edm,electro house,0.763,0.941,2,-2.702,1,0.0455,0.000895,0.665,0.25,0.189,128.004,255000,fitness workout electro | house | dance | progressive house,1.2332880297666713,0.0009511148234699006,120.45176399999998
5GbOxaenurzwIml9abdh7Y,Gunshot - Original Mix,John Christian,12,1JMgpAKmKfsYK9jDD6F7N1,Gunshot,2013-11-11,Fitness Workout Electro | House | Dance | Progressive House,6KnQDwp0syvhfHOR4lWP7x,edm,progressive electro house,0.576,0.972,7,-1.874,1,0.127,0.0267,0.87,0.0925,0.16,115.54,333018,fitness workout electro | house | dance | progressive house,1.6874970703175862,0.02746910754207043,112.30488
280ZN1ZklTE91imtyQwMBa,Got it Like That - Edit,Syndicate Of L.A.W.,0,0DClHh13GP3d4qOVV02fPl,Got it Like That (feat. Cecile),2014-06-09,Fitness Workout Electro | House | Dance | Progressive House,6KnQDwp0syvhfHOR4lWP7x,edm,progressive electro house,0.46,0.961,0,-2.522,0,0.147,0.0232,1.82e-06,0.357,0.509,129.931,186444,fitness workout electro | house | dance | progressive house,2.0891258932045798,0.024141494129558655,124.863691
6KUyWWP7El9TZqzrDwdO9s,Blast Off - Radio Edit,David Guetta,20,0ibPy3Xmmka0Fp8cEF2BH8,Blast Off EP,2014-06-30,Fitness Workout Electro | House | Dance | Progressive House,6KnQDwp0syvhfHOR4lWP7x,edm,electro house,0.656,0.993,4,-1.702,1,0.18,0.00255,2.49e-06,0.197,0.128,127.938,187932,fitness workout electro | house | dance | progressive house,1.513717204699383,0.002567973244739935,127.042434
0BDH10wUP5k1Pwzw8GjbvB,Dynamite - Original Mix,Quintino,0,7fEoi7VKzmWkSGokUbaE7k,Dynamite (featuring Taylr Renee),2013-09-23,Fitness Workout Electro | House | Dance | Progressive House,6KnQDwp0syvhfHOR4lWP7x,edm,electro house,0.778,0.919,11,-2.866,0,0.0658,0.00349,0.547,0.162,0.237,127.983,245625,fitness workout electro | house | dance | progressive house,1.1812324148683613,0.0037976019612601074,117.61637700000001
3ZGqWjcy9D1ZqxBOdOhH7x,Mi Mi Mi - Radio Edit,SEREBRO,0,5KaozhJhxvqonCZl6H78wa,Mi Mi Mi,2013-06-14,Fitness Workout Electro | House | Dance | Progressive House,6KnQDwp0syvhfHOR4lWP7x,edm,electro house,0.92,0.811,1,-2.055,1,0.0527,0.0156,0.503,0.129,0.936,126.006,192857,fitness workout electro | house | dance | progressive house,0.8815207809556729,0.01923548799569914,102.19086600000001
6PtXobrqImYfnpIxNsJApa,Bad (feat. Vassy) - Radio Edit,David Guetta,64,6CvEd1L1KJZ8g3wIwCZYvF,Bad (feat. Vassy) [Radio Edit],2014-04-06,Fitness Workout Electro | House | Dance | Progressive House,6KnQDwp0syvhfHOR4lWP7x,edm,progressive electro house,0.614,0.972,5,-3.927,0,0.088,0.00125,0.0186,0.328,0.411,127.966,170625,fitness workout electro | house | dance | progressive house,1.5830593109783209,0.001286006907400301,124.38295199999999
2wMW456QogoilDyApEEAky,Bantam,New World Sound,0,0t0yW9Q5XLbLt6jZVn4d0G,Bantam,2012-11-05,Fitness Workout Electro | House | Dance | Progressive House,6KnQDwp0syvhfHOR4lWP7x,edm,progressive electro house,0.623,0.833,7,-6.604,1,0.0632,0.00914,0.933,0.105,0.0812,128.064,321094,fitness workout electro | house | dance | progressive house,1.3370765054951756,0.010972375783462445,106.67731199999999
2yY9il1hItc4lu35EvNUvH,Cannonball,Zero Theorem,12,0SSmpagAr6upXjib2U3ZFD,The Killing I,2020-01-17,Hard Rock Workout,5nOO372uzpOM5rB2bRWfkp,rock,hard rock,0.414,0.972,4,-3.548,0,0.0855,0.00104,0.0,0.568,0.493,199.793,187200,hard rock workout,2.3478204158927154,0.0010699577469570503,194.198796
6TQFJhzfJcUSa6rwbKMEi5,Mama Said Knock You Out,Five Finger Death Punch,0,621DbTkvVR4lSa8KogGfwo,The Wrong Side Of Heaven And The Righteous Side Of Hell (Volume 1/Deluxe Edition),2013-01-01,Hard Rock Workout,3YouF0u7waJnolytf9JCXf,rock,hard rock,0.592,0.981,6,-3.244,0,0.0946,0.000151,0.0,0.0866,0.765,102.986,167480,hard rock workout,1.6570917954530482,0.0001539244098629869,101.029266
4JXfNOePhdgMOI7KZ1L25U,Breath,Breaking Benjamin,61,2usyeZYdUHKlNHKDKgAYSo,Phobia (Clean Version),2006-01-01,Hard Rock Workout,3YouF0u7waJnolytf9JCXf,rock,hard rock,0.347,0.868,5,-4.145,0,0.0467,0.00012,0.000273,0.0845,0.313,182.851,218467,hard rock workout,2.501433713447512,0.0001382486886535845,158.714668
0uViGnp3wToB4GpsGYC0FW,Coming Down,Five Finger Death Punch,0,38r8ndfmRogiam1J7PqwHd,American Capitalist,2011-10-11,Hard Rock Workout,3YouF0u7waJnolytf9JCXf,rock,hard rock,0.31,0.991,1,-2.927,0,0.488,0.000619,0.0,0.11,0.187,76.372,241227,hard rock workout,3.1967638814068344,0.0006246209640555357,75.684652
5TYtHFn15WDPvE2UDhbzKT,Mama Said Knock You Out (feat. Tech N9ne),Five Finger Death Punch,57,3Ey9TgEz0LdFKFKKftpkN1,"The Wrong Side of Heaven and the Righteous Side of Hell, Vol. 1",2013-07-30,Hard Rock Workout,6kXNv8J3HCYztxjOIUzApv,rock,hard rock,0.59,0.979,6,-3.763,0,0.103,0.000128,0.0,0.0819,0.724,102.993,167510,hard rock workout,1.659319221492845,0.00013074552528546956,100.830147
11PKEBCjw8OCK5YUo9vm0H,Full Circle,Five Finger Death Punch,68,3NbMetTUDydMRSTJzAG7MU,Full Circle,2020-01-03,Hard Rock Workout,3YouF0u7waJnolytf9JCXf,rock,hard rock,0.495,0.993,7,-3.014,1,0.145,0.000151,0.0,0.368,0.29,149.912,202250,hard rock workout,2.006056553421104,0.00015206429802185498,148.862616
1DNRyoXyqj4b3sbtPjfGx3,Dirty,Sevendust,49,3u3tCOYA9fjvlfQKoMAk3T,All I See Is War,2018-05-11,Hard Rock Workout,6kXNv8J3HCYztxjOIUzApv,rock,hard rock,0.234,0.927,5,-5.869,0,0.433,1.2e-05,3.86e-05,0.114,0.278,131.003,197679,hard rock workout,3.961521531959265,1.294496985440145e-05,121.439781
6UIo6YbaXihIZ72MWUpcGb,KILL4ME,Marilyn Manson,63,6kbfR3NJmBGlgsTPAYmezz,Heaven Upside Down,2017-10-06,Hard Rock Workout,6kXNv8J3HCYztxjOIUzApv,rock,hard rock,0.635,0.688,11,-6.136,0,0.0346,0.0023,1.07e-05,0.507,0.389,107.989,239240,hard rock workout,1.0834628606884082,0.003343018396775586,74.296432
7myke8Id4WyKFlWcRBJdIF,Hardwired,Metallica,56,4kizef5du9TgAGfNhWbKmt,Hardwired…To Self-Destruct,2016-11-18,Hard Rock Workout,6kXNv8J3HCYztxjOIUzApv,rock,hard rock,0.13,0.991,11,-3.126,1,0.0604,1.15e-05,0.00412,0.225,0.505,185.364,191332,hard rock workout,7.6230182844747345,1.1604428249820132e-05,183.695724
3IqHzcXy7IsYYND6lKwPAi,DEVIL,Shinedown,7,1fPpAm3EEn1yNbrQkWWm7a,DEVIL,2018-03-07,Hard Rock Workout,6kXNv8J3HCYztxjOIUzApv,rock,hard rock,0.354,0.942,7,-3.245,1,0.237,0.00039,6.36e-06,0.431,0.242,119.992,207987,hard rock workout,2.6610094321767455,0.0004140122993500007,113.032464
4ImIJRZNJhNQLLdUFSYJoS,Down with the Sickness,Disturbed,68,07w0hGS9XUdFsPBvDHy16y,The Sickness (10th Anniversary Edition),2010-03-12,Hard Rock Workout,6kXNv8J3HCYztxjOIUzApv,rock,hard rock,0.649,0.896,10,-2.704,0,0.056,0.000319,1.19e-05,0.102,0.924,90.009,278707,hard rock workout,1.380583388931604,0.00035602638836340584,80.648064
1fH2O7d5hmU1GQQkQgmi3m,(This Is Our) House,In Flames,27,6XmPgfXIwRuJHHs496oiMY,(This Is Our) House,2018-12-14,Hard Rock Workout,6kXNv8J3HCYztxjOIUzApv,rock,hard rock,0.521,0.984,10,-4.957,0,0.0817,6.68e-05,0.018,0.333,0.465,132.039,258773,hard rock workout,1.888671998710175,6.788610987183955e-05,129.92637599999998
4IkCvLPQfBEclen1NuIDIL,Painless,Fozzy,56,3mr9etJ9IMRFRXAfLkGWcJ,Judas,2017-10-13,Hard Rock Workout,6kXNv8J3HCYztxjOIUzApv,rock,hard rock,0.391,0.93,2,-4.16,0,0.0509,4.9e-05,0.000569,0.674,0.502,179.99,239780,hard rock workout,2.3785105408937577,5.268811538912323e-05,167.3907
7Eieiwd3Jm0aU9IxtaA1Ev,Lift Me Up,Five Finger Death Punch,0,1PNLoFuOuSpxKb0musG2w5,Lift Me Up,2013-01-01,Hard Rock Workout,3YouF0u7waJnolytf9JCXf,rock,hard rock,0.552,0.988,4,-3.65,1,0.145,9.43e-05,0.0,0.364,0.224,150.027,246613,hard rock workout,1.7898518299785686,9.544524752505311e-05,148.226676
3czEbp9uVLR9bmtoshfcj5,P Is for Pompeii,Johnny Stranger,25,6ody8zGgvKefoovi8EUGR3,P Is for Pompeii,2019-05-24,Hard Rock Workout,5nOO372uzpOM5rB2bRWfkp,rock,hard rock,0.548,0.888,11,-3.971,1,0.066,0.000786,0.00737,0.109,0.446,140.028,210036,hard rock workout,1.6204349992062057,0.0008851341383624568,124.344864
1Q2CupFbpMieyx9VkoMjVb,Trial by Fire,Mammothor,37,5ByRdbUXbHEK7ogPeq595a,Trial by Fire,2019-10-25,Hard Rock Workout,3YouF0u7waJnolytf9JCXf,rock,hard rock,0.281,0.977,10,-3.73,0,0.0632,4.08e-05,0.00309,0.205,0.416,83.645,222840,hard rock workout,3.476855954249273,4.1760448556347434e-05,81.721165
30ixK9SJmGcMcSAP4Ksf8G,The End,In Flames,44,65sRfjCFFqSrVYY7YjYe6y,Battles,2016-11-11,Hard Rock Workout,6kXNv8J3HCYztxjOIUzApv,rock,hard rock,0.49,0.972,10,-4.518,0,0.111,0.000188,0.0299,0.368,0.376,95.012,238491,hard rock workout,1.9836694210828143,0.00019341543887300527,92.351664
01LODLnhlfNphZ366BqKc0,Now That We're Dead,Metallica,50,4kizef5du9TgAGfNhWbKmt,Hardwired…To Self-Destruct,2016-11-18,Hard Rock Workout,6kXNv8J3HCYztxjOIUzApv,rock,hard rock,0.566,0.951,2,-3.591,1,0.0464,0.000101,0.103,0.266,0.345,128.304,419075,hard rock workout,1.6802090455670573,0.00010620388411789262,122.017104
2GGhdqZ8yJwgici7ko5sdg,Feed the Wolf,Breaking Benjamin,0,624ZRha8Ur3PQGCedJ5Iss,Feed the Wolf,2018-01-26,Hard Rock Workout,6kXNv8J3HCYztxjOIUzApv,rock,hard rock,0.404,0.982,8,-1.962,1,0.115,3.65e-05,0.000244,0.12,0.397,155.049,198032,hard rock workout,2.43068705275482,3.716900491954692e-05,152.258118
4KIVREKrUJ9mGs6XxdsYBE,When You Come Around,Chasing Desolation,22,0jTcEKBMb5OP03za0HT2vD,When You Come Around,2019-10-04,Hard Rock Workout,3YouF0u7waJnolytf9JCXf,rock,hard rock,0.572,0.857,4,-5.771,0,0.0407,0.000157,0.00054,0.112,0.536,118.962,175588,hard rock workout,1.4982491289350892,0.00018319698576781124,101.950434
1wSIkQa1KbiVfV3UHzUyx0,Still Alive,Prison,33,5DDovcRwzH0qblH2en7Xd7,Still Alive,2019-10-18,Hard Rock Workout,3YouF0u7waJnolytf9JCXf,rock,hard rock,0.561,0.989,11,-2.414,0,0.109,0.000129,0.000228,0.172,0.333,137.077,184402,hard rock workout,1.76292020869838,0.00013043465072330563,135.569153
39f2Hv4h7zoiLDXuiQYZw0,All or Nothing,Theory of a Deadman,45,1AB8tdwS9hY4iyulXexNab,Scars & Souvenirs,2008-04-01,Hard Rock Workout,3YouF0u7waJnolytf9JCXf,rock,hard rock,0.416,0.802,10,-4.44,0,0.0319,0.0319,0.0,0.0745,0.33,152.111,210560,hard rock workout,1.927879981057738,0.03977551150185597,121.993022
5FzPEGHio0vzpwBO3c5DHn,Out For Blood,Sum 41,58,0GGHKJnkFE7PX8ToUPhVjU,Order In Decline,2019-07-19,Hard Rock Workout,5nOO372uzpOM5rB2bRWfkp,rock,hard rock,0.553,0.868,6,-4.186,0,0.048,7.35e-05,0.0359,0.0934,0.5,140.047,216571,hard rock workout,1.5696174147967181,8.46773218003205e-05,121.560796
6e37x4epb6Ot8BNNVEINcl,Wild Fire,Travel Light,20,1oo1tVuFECcxsMAXnFh7Sf,Wild Fire,2019-03-08,Hard Rock Workout,3YouF0u7waJnolytf9JCXf,rock,hard rock,0.456,0.902,7,-3.561,1,0.0468,0.0206,0.000138,0.204,0.546,83.969,184131,hard rock workout,1.9780658375749176,0.02283811215286901,75.740038
1wsRitfRRtWyEapl0q22o8,Guerrilla Radio,Rage Against The Machine,69,2eia0myWFgoHuttJytCxgX,The Battle Of Los Angeles,1999-11-02,Hard Rock Workout,6kXNv8J3HCYztxjOIUzApv,rock,hard rock,0.599,0.957,11,-5.764,1,0.188,0.0129,7.06e-05,0.155,0.489,103.68,206200,hard rock workout,1.5976601040732819,0.013479609739174777,99.22176
639L1OUV4JRqnPHaQaziYO,Black Water,Massface,35,23K6MFcn6P0g20stfTCPpM,Massface,2017-10-01,Hard Rock Workout,5nOO372uzpOM5rB2bRWfkp,rock,hard rock,0.253,0.931,11,-3.093,1,0.0616,0.000595,0.00217,0.0978,0.332,194.911,208077,hard rock workout,3.679827352461058,0.000639097057897897,181.462141
6geuGKb1jKb6TV8sGE5eaC,Back Foot,Dinosaur Pile-Up,53,3sWXuwJFtO7LkD4FPrJSFu,Celebrity Mansions,2019-06-07,Hard Rock Workout,5nOO372uzpOM5rB2bRWfkp,rock,hard rock,0.547,0.922,6,-5.845,1,0.0858,0.00619,1.13e-05,0.349,0.844,160.128,188653,hard rock workout,1.6855545053848164,0.006713658661975421,147.638016
6eyfNzFRKw8VqELJCcFKGM,Hollow Bastion,Saving Vice,44,5atdSux5K2Po6y74qaFbu1,Hollow Bastion,2019-12-17,Hard Rock Workout,3YouF0u7waJnolytf9JCXf,rock,hard rock,0.402,0.953,11,-3.253,1,0.0955,4.52e-05,0.000125,0.345,0.29,152.038,204125,hard rock workout,2.3706408690525644,4.742912127059678e-05,144.892214
0faXHILILebCGnJBPU6KJJ,The Diary of Jane - Single Version,Breaking Benjamin,68,2usyeZYdUHKlNHKDKgAYSo,Phobia (Clean Version),2006-01-01,Hard Rock Workout,3YouF0u7waJnolytf9JCXf,rock,hard rock,0.392,0.964,10,-4.441,0,0.0644,7.13e-05,0.0387,0.106,0.269,167.024,200547,hard rock workout,2.4591774000576527,7.396257887699287e-05,161.011136
439sdo18d2vVo7crU9KWp1,MZRY,Crown The Empire,51,2L6KNKYHaXNPj4lXHSp5vb,Sudden Sky,2019-07-19,Hard Rock Workout,5nOO372uzpOM5rB2bRWfkp,rock,hard rock,0.412,0.892,8,-5.632,1,0.0635,0.000778,1.77e-05,0.0673,0.342,171.096,244615,hard rock workout,2.165043288729882,0.0008721963316184623,152.61763200000001
38Oc0eRyEoB25D4sU8S7ir,In the End I'm Back to Me,Steady Rollin,31,0eX5K5wCs4OB5Tamtb6IT8,In the End I'm Back to Me,2017-09-28,Hard Rock Workout,3YouF0u7waJnolytf9JCXf,rock,hard rock,0.567,0.854,2,-7.425,1,0.0302,5.26e-05,0.0264,0.151,0.85,133.187,303747,hard rock workout,1.50617018312137,6.159243373251319e-05,113.74169800000001
4uuxDQPVXrspcuqFIg3fin,Hitcher,Mammothor,36,6LHGxu8SEFYx2x237CekMT,Hitcher,2019-08-16,Hard Rock Workout,3YouF0u7waJnolytf9JCXf,rock,hard rock,0.466,0.982,8,-3.896,1,0.0605,2.31e-05,0.000979,0.337,0.4,160.005,212613,hard rock workout,2.1072916152540446,2.3523397634014628e-05,157.12491
0IdNBZt0O8R9qBgezYFGOi,No More,Disturbed,57,0V73oq7XX0jQL8hd1EZWe4,Evolution,2018-10-18,Hard Rock Workout,5nOO372uzpOM5rB2bRWfkp,rock,hard rock,0.53,0.988,7,-2.406,1,0.121,0.000285,0.0,0.222,0.521,101.28,232640,hard rock workout,1.8641474261369315,0.00028846124649671405,100.06464
23sOzJDUM8pWioTt1K4mX1,We're Coming In,FEVER 333,43,6HLseXtiQsGBeLaQ43Pm6G,Made An America,2018-03-23,Hard Rock Workout,5nOO372uzpOM5rB2bRWfkp,rock,hard rock,0.633,0.79,6,-6.249,1,0.199,0.0342,0.000205,0.386,0.529,175.104,136061,hard rock workout,1.2480233048604978,0.04329108444166526,138.33216000000002
2ryXXNvDg0Owrcsq3Gs5fH,The Ghost of You,Jake Adkins,13,5tjIJG289rmiQQh2Rruuux,The Ghost of You,2020-01-03,Hard Rock Workout,3YouF0u7waJnolytf9JCXf,rock,hard rock,0.492,0.865,11,-6.118,0,0.0348,0.000659,0.0,0.286,0.578,145.957,201467,hard rock workout,1.7581265078729515,0.0007618488302325662,126.252805
6vwO2sjv52r1efQm5JzKJ3,Never Enough,Five Finger Death Punch,0,1v9aT0XldEboEQHs5mPsVd,The Way Of The Fist,2007-07-31,Hard Rock Workout,3YouF0u7waJnolytf9JCXf,rock,hard rock,0.536,0.964,7,-4.093,1,0.127,0.000512,0.0,0.247,0.276,126.084,209373,hard rock workout,1.7985041072684562,0.0005311197809960777,121.544976
6P8zpVE2EIzyDneBl30Hma,Pathetic,My Own Words,36,7cjCL4P1EqYBM4XI6KE6qG,Pathetic,2019-11-20,Hard Rock Workout,3YouF0u7waJnolytf9JCXf,rock,hard rock,0.468,0.939,2,-4.633,1,0.0846,0.000249,1.36e-06,0.132,0.347,145.954,236913,hard rock workout,2.0064059692180143,0.0002651754364478845,137.050806
3r1nwFFe5Vk7y5eYvmh2Kh,Ghost,Badflower,3,6Bthd1sqnKm77fogRdGgxa,Ghost,2018-06-08,Hard Rock Workout,6kXNv8J3HCYztxjOIUzApv,rock,hard rock,0.505,0.848,11,-5.173,0,0.0575,0.0106,0.0,0.18,0.282,140.055,259428,hard rock workout,1.679204595634464,0.012499985259451346,118.76664
2mMNBgFRyEiRoGvrdoONeq,A Grave Mistake,Ice Nine Kills,62,3DVjLNjzyZBVc8eZcJoulz,The Silver Scream,2018-10-05,Hard Rock Workout,5nOO372uzpOM5rB2bRWfkp,rock,hard rock,0.36,0.925,6,-3.775,0,0.0719,0.000838,0.0,0.115,0.446,175.088,184227,hard rock workout,2.5694373071185916,0.000905944966545982,161.9564
3mpZzg6fdRM1uUlkLZafVH,Cross Off,Mark Morton,51,65shF8hKjk7GqJVVSW8Z1G,Anesthetic,2019-03-01,Hard Rock Workout,5nOO372uzpOM5rB2bRWfkp,rock,hard rock,0.532,0.935,2,-5.102,1,0.129,0.0001,0.0,0.0989,0.325,131.997,253446,hard rock workout,1.7575154933919297,0.00010695175727084784,123.41719500000002
4CRD9NiBb23XQEhupP97dR,Dimensions,Aristic,23,3DndpcVBd21vi9cQcliC7R,Dimensions,2019-09-20,Hard Rock Workout,3YouF0u7waJnolytf9JCXf,rock,hard rock,0.41,0.992,1,-2.631,1,0.163,0.000367,0.000288,0.254,0.441,170.016,244235,hard rock workout,2.419506293887088,0.00036995930447650754,168.655872
36QG29bbGuJkxNgzY6o9Mu,Love-Hate-Sex-Pain,Godsmack,62,6yOWKkrlpmUWOC5yndULeq,The Oracle (Deluxe Edition),2010-01-01,Hard Rock Workout,3YouF0u7waJnolytf9JCXf,rock,hard rock,0.215,0.911,9,-4.715,1,0.0394,6.07e-05,3.47e-06,0.183,0.47,183.535,315453,hard rock workout,4.237189594467003,6.663000369922755e-05,167.200385
3K4HG9evC7dg3N0R9cYqk4,One Step Closer,Linkin Park,74,6hPkbAV3ZXpGZBGUvL6jVM,Hybrid Theory (Bonus Edition),2000-10-24,Hard Rock Workout,6kXNv8J3HCYztxjOIUzApv,rock,hard rock,0.492,0.969,9,-4.419,1,0.0491,0.0014,1.32e-06,0.0787,0.538,95.136,157333,hard rock workout,1.9695081920565203,0.0014447869506842613,92.18678399999999
0c3fJd2HRi6uHWgTljIae5,Dear Agony,Breaking Benjamin,60,0mBvlBWI6TMDrWvQ8bKOKV,Dear Agony,2009-01-01,Hard Rock Workout,3YouF0u7waJnolytf9JCXf,rock,hard rock,0.358,0.75,3,-3.572,1,0.0414,8.49e-05,0.0,0.113,0.218,125.103,258253,hard rock workout,2.0949662151781703,0.0001131998490668679,93.82724999999999
3NMel0L1RZfekf2wLABmj2,Wolf Totem (feat. Jacoby Shaddix of Papa Roach),The HU,64,6lRuJdTi0zHk8kWKx6ARfi,Wolf Totem (feat. Jacoby Shaddix of Papa Roach),2019-12-13,Hard Rock Workout,6kXNv8J3HCYztxjOIUzApv,rock,hard rock,0.375,0.895,8,-3.846,1,0.0605,0.0221,0.000244,0.661,0.67,172.129,317078,hard rock workout,2.386660302239194,0.024692709840547666,154.055455
06WohfoFEUa5faNy8f9S5N,Adrenalize,In This Moment,59,3u8UbYIIZkOtawXLDuu57l,Blood,2012-08-14,Hard Rock Workout,5nOO372uzpOM5rB2bRWfkp,rock,hard rock,0.465,0.96,6,-3.888,1,0.0792,0.00023,0.0,0.129,0.43,132.014,255773,hard rock workout,2.0645116892221735,0.0002395830837676211,126.73344
2tHImX6L0zzQKyle2E99O4,So Far Away,Crossfade,51,1namjaJZ23ozXXB7X2d4hy,Crossfade,2004-04-13,Hard Rock Workout,3YouF0u7waJnolytf9JCXf,rock,hard rock,0.503,0.942,4,-5.025,0,0.094,0.000105,0.0,0.248,0.4,106.039,205520,hard rock workout,1.8727596963027904,0.0001114648498250002,99.88873799999999
6uCzY8MKTcLDExUR6nGl99,Wolf Totem,The HU,53,7llI8I1yBGYutWAbVob3ls,Wolf Totem,2018-11-17,Hard Rock Workout,6kXNv8J3HCYztxjOIUzApv,rock,hard rock,0.557,0.718,8,-8.504,1,0.0415,0.0888,0.0511,0.661,0.49,172.039,338000,hard rock workout,1.289046159701688,0.12367670797115882,123.52400199999998
0abrjTBmZ4xiA3seMA4pTu,Digging My Own Grave,Escape the Fate,29,1LezB9wXL2ketaRUPoctRQ,Digging My Own Grave,2018-02-16,Hard Rock Workout,6kXNv8J3HCYztxjOIUzApv,rock,hard rock,0.511,0.917,5,-4.654,1,0.0826,0.000136,0.0,0.27,0.177,125.001,197390,hard rock workout,1.7945170361701837,0.00014830954382819646,114.62591700000002
4Htt3QaBWdLggq88rJI5MU,Inside Out,Five Finger Death Punch,69,3cOYrPug7OjbO2oPNe38eE,Inside Out,2019-12-02,Hard Rock Workout,5nOO372uzpOM5rB2bRWfkp,rock,hard rock,0.476,0.991,4,-2.855,0,0.15,0.00191,0.0,0.121,0.202,82.997,226349,hard rock workout,2.081928399310086,0.0019273441701875174,82.250027
1RcABeMCAH0UQi0yF4drXj,Cut The Cord,Shinedown,50,0HMgfFMtWQqeCyzEBRuugr,Cut The Cord,2015-06-29,Hard Rock Workout,3YouF0u7waJnolytf9JCXf,rock,hard rock,0.447,0.966,7,-2.966,1,0.089,0.00349,0.000198,0.312,0.533,178.105,224597,hard rock workout,2.161068990897112,0.0036128326989309533,172.04942999999997
3WvENg99oEKz7rPg6CbLOM,Truth To the Weak (Not Built To Collapse),Fire From The Gods,39,2OdPBaKT8sPjAWYTojvbJx,Truth To the Weak (Not Built To Collapse),2019-07-26,Hard Rock Workout,6kXNv8J3HCYztxjOIUzApv,rock,hard rock,0.492,0.939,1,-4.788,0,0.369,0.0389,0.0,0.23,0.576,163.026,217133,hard rock workout,1.908532706234337,0.04142700593503095,153.081414
5YerFzhEvwr70WP8qXgd6o,White Sky,Pelicandy,14,0Rl2A8xB8xTCYO7BMUcFUu,White Sky,2019-05-23,Indie Poptimism,21nxmipQe5xtXoHHPaYfnY,pop,indie poptimism,0.702,0.626,6,-7.796,0,0.0635,0.0178,0.0305,0.15,0.863,94.028,198856,indie poptimism,0.8917366214578042,0.02843445936987321,58.86152800000001
6zpCJDhdpHPZCcFCJZDqX5,High You Are,What So Not,62,5FAFTIaf9DBYcmDkYB3F3g,High You Are (Remixes),2013-10-08,Indie Poptimism,2QiMewRbSavfZ9MSAYz2h6,pop,indie poptimism,0.69,0.857,10,-5.613,1,0.0405,0.0557,0.11,0.0341,0.409,136.99,213340,indie poptimism,1.242027185467847,0.06499408985520437,117.40043
6ILog1T1vfQMxHm0Wok2O0,Pisces,RIZ LA VIE,1,5lZaIc1uZwIFlDptD9Acdh,Found.,2017-01-17,indie poptimism,1E5VdGGWkpDQ682gdvJAZH,pop,indie poptimism,0.708,0.38,3,-9.088,1,0.0948,0.763,0.0,0.123,0.217,113.1,255929,indie poptimism,0.536722405759314,2.0078894529224924,42.978
5Kn5DgKUYMmSWpD6XTVtww,Wicked,GRiZ,42,1H11dYnWcUyVpw3MMakGAl,Good Will Prevail,2016-09-23,Indie Poptimism,2QiMewRbSavfZ9MSAYz2h6,pop,indie poptimism,0.474,0.749,10,-5.113,0,0.0363,0.00645,7.41e-05,0.0642,0.1,121.969,354286,indie poptimism,1.5801654426889395,0.008611470478677599,91.35478099999999
2bJvI42r8EF3wxjOuDav4r,Time of Our Lives,Pitbull,77,4EUf4YyNjuXypWY6W5wEDm,Globalization,2014-11-21,indie poptimism🕺🏻,6MQeEHHDs6HQkN5Dlj3oKo,pop,indie poptimism,0.72,0.802,1,-5.797,1,0.0582,0.0921,0.0,0.694,0.723,124.043,229360,indie poptimism,1.1138873418231363,0.11483776204767823,99.48248600000001
3WxQXufIzssKD22MqKR6cW,Gimme,Ralph,36,4sAPKb1sjQZwAZchV5cFiu,A Good Girl,2018-09-28,Indie Poptimism,21nxmipQe5xtXoHHPaYfnY,pop,indie poptimism,0.841,0.468,2,-8.186,1,0.116,0.271,0.0,0.0577,0.847,107.992,168692,indie poptimism,0.5564797188112738,0.5790585917551458,50.54025600000001
2w7O4XCRoIJrwF1NqKL9TM,Take It All Back 2.0,Judah & the Lion,65,7vLmY8rLjLvOTQ0wk7Hqeh,Folk Hop N' Roll (Deluxe),2017-03-10,Indie Poptimism,1pZWCY50kMUhshcESknir8,pop,indie poptimism,0.441,0.802,0,-6.411,1,0.0305,0.0104,6.25e-05,0.123,0.783,148.023,218356,indie poptimism,1.8185899805215864,0.01296756487834803,118.71444600000001
7njKgVl3AnLflRad38o7AG,Paradise,Bazzi,33,5mLjE4CPn8kNpzqNNslabJ,Paradise,2019-04-04,indie poptimism🕺🏻,6MQeEHHDs6HQkN5Dlj3oKo,pop,indie poptimism,0.844,0.644,11,-6.273,0,0.0479,0.0828,0.0,0.113,0.591,122.061,169038,indie poptimism,0.7630322712887782,0.12857122892666314,78.607284
5fIq2ovEhDIyV5Hx1epC4c,1000 Nights,FRENSHIP,57,6SbIkCWBipryUQZZprSM2y,1000 Nights,2017-01-27,Indie Poptimism,1pZWCY50kMUhshcESknir8,pop,indie poptimism,0.594,0.709,6,-9.541,0,0.0377,0.0315,0.0562,0.0738,0.587,90.001,240293,indie poptimism,1.1936006841739324,0.044428710255697806,63.810709
4Sfa7hdVkqlM8UW5LsSY3F,Take a Walk,Passion Pit,68,14JU5SskmcyckE5I8PY6lv,Gossamer,2012-07-20,Indie Poptimism,7Ic1UwucK3ozdycPBIPVSR,pop,indie poptimism,0.566,0.755,11,-5.526,1,0.0368,0.0338,0.0,0.315,0.445,101.006,264493,indie poptimism,1.3339199047351507,0.044768152624963406,76.25953
4FI6qJdZGN83WyOnvDON8Q,Got My Love (feat. Lyon Hart),Sam Padrul,35,4lMNkQcZMOG4kMupoDUIe0,Got My Love (feat. Lyon Hart),2017-01-02,Indie Poptimism,21nxmipQe5xtXoHHPaYfnY,pop,indie poptimism,0.695,0.809,1,-5.141,1,0.0413,0.0645,0.0,0.0531,0.434,119.971,243841,indie poptimism,1.1640271021192776,0.07972796078125985,97.05653900000001
1285n66OGGUB3Bnh6c18nS,Bridges,Broods,56,0HrAEwPOV0brDG0wvTWXUB,Evergreen,2014-01-01,Indie Poptimism,1pZWCY50kMUhshcESknir8,pop,indie poptimism,0.389,0.634,4,-6.362,0,0.137,0.017,0.0,0.101,0.27,169.539,191808,indie poptimism,1.6298158616558827,0.026813837833063354,107.487726
3L6S3Px2rdU0HprDo2Famq,Poke,Childish Gambino,0,5GBcqixIFDPEom7AUNbFiM,Kauai,2014-10-03,indie poptimism,1E5VdGGWkpDQ682gdvJAZH,pop,indie poptimism,0.46,0.768,9,-5.827,0,0.193,0.0176,0.0,0.0661,0.6,150.061,216093,indie poptimism,1.6695615879095915,0.0229166368272958,115.24684800000001
70Wsfvr0gJmTzHPSnJyJJE,One In A Million,Apollo LTD,0,1FMBWnJQwTFcS4xc4Ma5VK,One In A Million,2017-08-25,Indie Poptimism,21nxmipQe5xtXoHHPaYfnY,pop,indie poptimism,0.612,0.822,11,-4.968,0,0.034,0.000353,7.06e-05,0.0914,0.858,130.054,214990,indie poptimism,1.3431350602368295,0.0004294398668614759,106.904388
0ltO5bci13M68sTnEctBxR,love somebody like you,joan,58,13NYDkzyuRQC8aQLCcyl54,love somebody like you,2017-07-25,Indie Poptimism,21nxmipQe5xtXoHHPaYfnY,pop,indie poptimism,0.577,0.854,7,-3.754,1,0.0473,0.0596,2.69e-05,0.205,0.336,94.999,227631,indie poptimism,1.4800667589830867,0.06978914544596553,81.12914599999999
61ypxNWXEGVTemBFvut4Z7,Ready For You,Hunter Hunted,34,17EFF25Ee9kK5QgPgd4bv5,Ready For You,2015-07-10,Indie Poptimism,1pZWCY50kMUhshcESknir8,pop,indie poptimism,0.567,0.83,0,-5.655,1,0.0281,9.6e-05,0.248,0.394,0.158,93.996,205587,indie poptimism,1.4638422154458282,0.00011566251124998646,78.01668
3YW7AWZMCvNBYBPoFdebTh,Weight Of It All,Handsome Ghost,39,0BQTqxUrvue8rxw7VUAOdo,Steps,2015-03-10,indie poptimism,1E5VdGGWkpDQ682gdvJAZH,pop,indie poptimism,0.577,0.572,1,-8.908,1,0.114,0.141,4.02e-05,0.209,0.394,166.099,205707,indie poptimism,0.991332770653777,0.2465030655540812,95.00862799999999
5ZmQEfpxN3WYJgfkU5z5WA,When It Was Now,Atlas Genius,25,5Ix8zXCxsX8YCGAThyBVE8,When It Was Now (Deluxe Version),2013-02-19,Indie Poptimism,21nxmipQe5xtXoHHPaYfnY,pop,indie poptimism,0.662,0.917,9,-4.308,0,0.0403,0.00811,0.0,0.0704,0.846,141.952,209707,indie poptimism,1.3851942821838636,0.00884404706210789,130.169984
1ff4y46qRCsLXROVpOxxTc,On Our Way,The Royal Concept,35,30p1meHBKVwMY9lsOabmwd,Goldrushed,2013-09-11,Indie Poptimism,1pZWCY50kMUhshcESknir8,pop,indie poptimism,0.6,0.828,1,-5.485,1,0.121,0.00448,0.0,0.168,0.356,130.913,194187,indie poptimism,1.3799977000038333,0.00541062148475666,108.395964
5bJ3cuvn0fMdSV8tkJVpNY,Brakelights,Omar Apollo,1,5eKr93YptXrXBHGHG9VuLd,Brakelights,2017-08-08,indie poptimism,1E5VdGGWkpDQ682gdvJAZH,pop,indie poptimism,0.693,0.421,7,-7.735,1,0.0386,0.59,0.0217,0.0838,0.259,124.062,168387,indie poptimism,0.6075027308762903,1.4014218493542772,52.230101999999995
2ZWlPOoWh0626oTaHrnl2a,Ivy,Frank Ocean,77,3mH6qwIy9crq0I9YQbOuDf,Blonde,2016-08-20,indie poptimism,1E5VdGGWkpDQ682gdvJAZH,pop,indie poptimism,0.567,0.388,9,-9.579,0,0.0384,0.782,0.000309,0.248,0.452,116.362,249191,indie poptimism,0.6843021440879293,2.0154587230445284,45.148455999999996
79esEXlqqmq0GPz0xQSZTV,Lost In Japan,Shawn Mendes,79,2VP96XdMOKTXefI8Nui23s,Shawn Mendes,2018-05-25,indie poptimism🕺🏻,6MQeEHHDs6HQkN5Dlj3oKo,pop,indie poptimism,0.713,0.738,10,-6.784,1,0.374,0.255,0.0,0.106,0.425,105.027,201200,indie poptimism,1.0350616619051025,0.3455279870894484,77.509926
4rtiQE5Yo2gC8kW91VCoXi,Tired,Adele,0,6Pb3K1oPXdhsqFXtzKe3Z1,19,2008-01-28,indie poptimism,1E5VdGGWkpDQ682gdvJAZH,pop,indie poptimism,0.803,0.673,11,-6.338,1,0.047,0.191,0.000646,0.0953,0.552,96.997,258853,indie poptimism,0.8381060546624475,0.283803441599641,65.278981
2nH0gsXkSo8hsMv992jbTm,Small,chloe moriondo,47,5N83DElmMbgJiPV6u7qEyn,Rabbit Hearted.,2018-07-31,indie poptimism,1E5VdGGWkpDQ682gdvJAZH,pop,indie poptimism,0.53,0.0512,9,-26.279,0,0.0509,0.958,0.0,0.0838,0.19,88.615,177562,indie poptimism,0.09660359131397865,18.71057205913947,4.537088
6E37j4b44JGpdk297urpKM,like that,Bea Miller,73,2rQu10gUgBVYzgsitDZNyU,aurora,2018-02-23,Indie Poptimism,1pZWCY50kMUhshcESknir8,pop,indie poptimism,0.573,0.441,6,-5.799,0,0.0758,0.186,0.0,0.61,0.389,61.657,185547,indie poptimism,0.7696321646908121,0.421767751093535,27.190737
3WxmlTZ85sCYFnuIXmUAEe,party favor,Billie Eilish,76,7fRrTyKvE4Skh93v97gtcU,dont smile at me,2017-12-22,indie poptimism,1E5VdGGWkpDQ682gdvJAZH,pop,indie poptimism,0.826,0.188,0,-12.181,1,0.0883,0.882,2.83e-06,0.103,0.205,130.022,204770,indie poptimism,0.22760263002102904,4.691464407104218,24.444135999999997
5mCprFWOqe0jB96v9RhLBo,Tongues,Joywave,56,6uSfC7gekwOjvPmTAIwgQR,How Do You Feel Now?,2015-04-14,Indie Poptimism,1pZWCY50kMUhshcESknir8,pop,indie poptimism,0.827,0.682,6,-7.111,0,0.0435,0.00048,0.0187,0.101,0.933,117.967,234773,indie poptimism,0.8246664756149026,0.0007038112847341866,80.453494
15rZ2QaGKjt9V6jG8o3gH7,Raining in L.A,FrankJavCee,45,12bQH6DtRTfAGNHJDPCiui,"FrankJavCee, Vol 2.111",2017-07-04,indie poptimism,1E5VdGGWkpDQ682gdvJAZH,pop,indie poptimism,0.759,0.474,11,-10.602,0,0.0423,0.744,0.00167,0.362,0.723,100.007,168019,indie poptimism,0.6245051060538787,1.56961694173641,47.403318
7tKnaB8gsXxyPScxEwzQ9N,Stockholm,Atlas Genius,52,3jQxdLlKciB0WQncSVhM39,Inanimate Objects,2015-08-28,Indie Poptimism,1pZWCY50kMUhshcESknir8,pop,indie poptimism,0.568,0.746,7,-5.437,1,0.0462,0.0054,0.0,0.162,0.409,125.04,191640,indie poptimism,1.3133779694049834,0.007238596194911267,93.27984000000001
6iSTWxErxiep4YiYjXGmSo,Want,Angus Maude,0,3F7kPCeqw5xjY0VojwXFTL,Apricity,2017-09-22,indie poptimism,1E5VdGGWkpDQ682gdvJAZH,pop,indie poptimism,0.449,0.115,9,-10.706,0,0.0507,0.93,0.0,0.108,0.19,165.952,190680,indie poptimism,0.25612415117115556,8.086886200989557,19.08448
4eucKRPayKSzwxaOOGfhye,Overexposed,Matt and Kim,32,2MbpbHn31Luzr8G3uDsSUH,Lightning,2012-10-02,Indie Poptimism,2QiMewRbSavfZ9MSAYz2h6,pop,indie poptimism,0.619,0.835,0,-6.192,1,0.04,0.00101,1.08e-06,0.318,0.37,100.5,166467,indie poptimism,1.3489477399874958,0.001209579389725282,83.91749999999999
6QfS2wq5sSC1xAJCQsTSlj,Shallow - Radio Edit,Lady Gaga,78,3edjzMAVB9RYRd4UcZBchx,A Star Is Born Soundtrack (Without Dialogue),2018-10-05,indie poptimism,1E5VdGGWkpDQ682gdvJAZH,pop,indie poptimism,0.575,0.33,7,-6.557,1,0.031,0.416,0.0,0.0872,0.277,95.801,217213,indie poptimism,0.5739120453703559,1.260602240599271,31.614330000000002
74tsW4h0WDYRpfD19gc10W,Faded - ODESZA Remix,ZHU,54,0noSiAHeucpfH5PHfr8VhG,Faded (The Remixes),2014-09-15,Indie Poptimism,2QiMewRbSavfZ9MSAYz2h6,pop,indie poptimism,0.746,0.67,0,-5.072,1,0.0594,0.0408,0.194,0.133,0.629,125.016,238640,indie poptimism,0.8981221204797313,0.060895431499355966,83.76072
6IAOkZxfTzpRDL0nAAynjq,Breaks,Goldroom,0,2gbJTBufLLMF4dVBgO81UY,West Of The West,2016-09-23,Indie Poptimism,21nxmipQe5xtXoHHPaYfnY,pop,indie poptimism,0.573,0.733,4,-5.799,0,0.0269,0.0106,0.00069,0.121,0.304,107.975,229827,indie poptimism,1.2792298791799666,0.01446109896166581,79.145675
2rd4FH1cSaWGc0ZiUaMbX9,Lover Boy,Phum Viphurit,67,6q6pANmFQbMk7KzlzNeBep,Lover Boy,2018-03-22,indie poptimism,1E5VdGGWkpDQ682gdvJAZH,pop,indie poptimism,0.798,0.556,11,-8.597,1,0.0303,0.527,0.000353,0.0959,0.627,109.994,236727,indie poptimism,0.6967409815275921,0.9478400218704641,61.156664000000006
0TK2YIli7K1leLovkQiNik,Señorita,Shawn Mendes,93,2ZaX1FdZCwchXl1QZiD4O4,Señorita,2019-06-21,indie poptimism🕺🏻,6MQeEHHDs6HQkN5Dlj3oKo,pop,indie poptimism,0.759,0.54,9,-6.039,0,0.0287,0.037,0.0,0.0945,0.75,116.947,190960,indie poptimism,0.7114615132259378,0.06851839163260807,63.15138
0Cqm4rlGZw9mUyzVAYHiVf,Chartreuse,Capital Cities,45,3WrufJir7I61NkvkDwxero,In A Tidal Wave Of Mystery (Deluxe Edition),2013,indie poptimism,1E5VdGGWkpDQ682gdvJAZH,pop,indie poptimism,0.682,0.699,9,-5.816,0,0.0357,0.0808,0.0227,0.0846,0.831,104.999,218807,indie poptimism,1.024925183394159,0.11559353992340497,73.394301
6U2vGiMNVhJiJqxrlu18uV,Get Down,GRiZ,38,4HhSc1Q56OOKGtEOr0BFhT,Say It Loud,2015-03-31,Indie Poptimism,2QiMewRbSavfZ9MSAYz2h6,pop,indie poptimism,0.708,0.887,1,-5.751,0,0.0837,0.00167,0.291,0.129,0.811,110.046,334563,indie poptimism,1.2528230892329248,0.0018827487229439426,97.610802
3evL7OEc73Z1hlFSaZkNpo,Primadonna,Skogsrå,34,5ORC6m6OpHuR1cRxO3hVzd,Primadonna,2013-12-22,Indie Poptimism,21nxmipQe5xtXoHHPaYfnY,pop,indie poptimism,0.577,0.879,3,-4.889,1,0.0463,0.561,0.869,0.0883,0.769,98.094,278571,indie poptimism,1.5233942402179546,0.6382245298924575,86.224626
0feKZeNQejawicLLYdyTdp,Wake Up - Sondr Remix,Chelsea Cutler,23,1XXVYEeg78KZC0M6Ze67od,Wake Up (Remixes),2016-10-07,Indie Poptimism,2QiMewRbSavfZ9MSAYz2h6,pop,indie poptimism,0.697,0.794,2,-5.005,1,0.0761,0.0724,0.0,0.0353,0.379,96.989,186881,indie poptimism,1.139166227882026,0.09118376425218608,77.00926600000001
4dmgawH7YVY663GxxjEIwC,"Me, Myself, and I",Vinyl Theatre,46,6i5KIrZ27dXolP8kItaUJi,"Me, Myself, and I",2017-09-29,Indie Poptimism,1pZWCY50kMUhshcESknir8,pop,indie poptimism,0.619,0.711,4,-5.211,0,0.0328,0.0149,2.2e-05,0.0968,0.309,90.987,206267,indie poptimism,1.1486249618336641,0.020956369962911444,64.691757
59lmc1erBarSFuxFLxCzVX,Get Upset,Soy Christmas,33,4Sj7TrZyeztszJkj30DmVw,Spent - EP,2016-12-06,indie poptimism,1E5VdGGWkpDQ682gdvJAZH,pop,indie poptimism,0.679,0.562,3,-10.841,1,0.0351,0.891,0.352,0.137,0.192,87.953,198068,indie poptimism,0.8276865571626552,1.5854064316611534,49.42958600000001
2oJNiRn2MrOCFoGfnlOYyy,Everybody's Gotta Live,Gigamesh,0,0wRGX7zHdg0NsCfvKV4wCR,Time Travel,2016-10-21,Indie Poptimism,2QiMewRbSavfZ9MSAYz2h6,pop,indie poptimism,0.624,0.761,11,-5.867,1,0.0345,0.692,0.000938,0.0942,0.637,91.5,216393,indie poptimism,1.2195493276453082,0.9093286342593504,69.6315
5JFkuKQsPps2ZaZzaLx63d,Crystallize,Lindsey Stirling,55,3YTWAm90osBvLNWCdF8Nq2,Lindsey Stirling,2012,Indie Poptimism,2QiMewRbSavfZ9MSAYz2h6,pop,indie poptimism,0.44,0.623,0,-8.228,1,0.0316,0.000856,0.0586,0.103,0.0563,140.006,258800,indie poptimism,1.415905872941198,0.0013739945842783559,87.223738
0JHwXSvHa9X1UdcKCDAwSg,Different Kind of Love,Kid Runner,30,04svuWarxl21Tt0KhQ3aFK,Different Kind of Love,2015-11-13,Indie Poptimism,1pZWCY50kMUhshcESknir8,pop,indie poptimism,0.591,0.868,0,-5.555,1,0.0362,0.00128,0.000586,0.116,0.553,110.018,207427,indie poptimism,1.4686946384185475,0.0014746526789715681,95.495624
3VKDOXkmTHt4Xa78U4dbDp,Back Together,Loote,54,4NwBWom1WMTNFHa2G7NaHm,Back Together,2018-09-21,Indie Poptimism,1pZWCY50kMUhshcESknir8,pop,indie poptimism,0.769,0.569,7,-5.615,1,0.191,0.255,0.0,0.0964,0.485,110.032,183280,indie poptimism,0.7399210144070033,0.4481538696768547,62.60820799999999
1RmPi2rBbY6pB97UDbsjeq,Vibes,Griffin Stoller,42,50fRfi6uMEtgeQtJbeMlW0,Vibes,2017-06-14,Indie Poptimism,2QiMewRbSavfZ9MSAYz2h6,pop,indie poptimism,0.619,0.761,1,-6.37,0,0.224,0.369,6.04e-06,0.0808,0.314,150.844,171656,indie poptimism,1.2294002756053706,0.4848876676903184,114.792284
1HH9T6jsitwm9Cvs9jUeTf,Take It or Leave It,Great Good Fine Ok,46,6LxFWRPqoL446CkxQyL7sQ,III,2017-01-05,Indie Poptimism,1pZWCY50kMUhshcESknir8,pop,indie poptimism,0.69,0.753,6,-3.83,1,0.0555,0.162,0.0,0.0718,0.931,148.024,183468,indie poptimism,1.0913027662278751,0.21513915652170448,111.462072
05CwHjIk71RXVU40boRMnR,Call You Mine,The Chainsmokers,39,1ONuDpN0a3zhCUyKCgtuzK,World War Joy,2019-05-31,indie poptimism🕺🏻,6MQeEHHDs6HQkN5Dlj3oKo,pop,indie poptimism,0.591,0.702,7,-5.59,1,0.0289,0.225,0.0,0.414,0.501,104.003,217653,indie poptimism,1.1878152490435718,0.32051236394250154,73.010106
25wBlLDFcspzo9gBqvrQr3,Electric (feat. Khalid),Alina Baraz,5,50wEfjPxetPqKsvxOQfXHY,Electric (feat. Khalid),2017-01-20,Indie Poptimism,2QiMewRbSavfZ9MSAYz2h6,pop,indie poptimism,0.637,0.359,10,-9.841,0,0.0325,0.593,5.39e-05,0.108,0.142,111.049,245294,indie poptimism,0.5635783931265413,1.6518059838273431,39.866591
6OtCIsQZ64Vs1EbzztvAv4,Good Life,OneRepublic,70,2pLAOZiilrhOrTQNqrF8qr,Waking Up,2009-01-01,Indie Poptimism,2QiMewRbSavfZ9MSAYz2h6,pop,indie poptimism,0.634,0.69,6,-7.804,1,0.052,0.0771,0.0,0.132,0.645,94.988,253307,indie poptimism,1.088326359106689,0.11173896849424857,65.54172
3AbV3JF0bJAZXeHEJZfpke,4 Seasons,Rex Orange County,64,2NBVxjZcbH5H1N1Ab2ExDH,Apricot Princess,2017-04-26,indie poptimism,1E5VdGGWkpDQ682gdvJAZH,pop,indie poptimism,0.505,0.458,7,-7.87,1,0.0392,0.217,0.0,0.116,0.17,123.922,301773,indie poptimism,0.9069288971705006,0.4737980921439036,56.756276
03mfJFcTsxfldb0DPI4ygj,Comfort Inn Ending (Freestyle),Jhené Aiko,57,73TNMu44lT0m1h1Nn6Bfiq,Sail Out,2013-01-01,Neo-Soul,1eqVgsNjaX6mxDPoefhocT,r&b,neo soul,0.501,0.301,3,-10.8,0,0.0366,0.758,0.00793,0.107,0.179,122.934,321827,neo-soul,0.6007972039975967,2.5182640589233927,37.003133999999996
3Ku9kSWtDQPC8bSWpHR7z0,That's Why I Love You (feat. Sabrina Claudio),SiR,63,5zUDvKAyEKkrhYLWJJWGPQ,Chasing Summer,2019-08-30,Neo-Soul,1eqVgsNjaX6mxDPoefhocT,r&b,neo soul,0.634,0.496,3,-6.077,0,0.292,0.333,0.0,0.13,0.546,119.627,241747,neo-soul,0.7823331508940837,0.6713696141741651,59.334992
6Vmow8PuUaU7W1T2WWLZk2,Go Gina,SZA,62,76290XdXVF9rPzGdNRWdCh,Ctrl,2017-06-09,NEO-soul,3q3M4VCymcMoxJ3Tl7mRqN,r&b,neo soul,0.603,0.606,9,-6.634,1,0.114,0.799,0.0,0.391,0.463,80.176,161613,neo-soul,1.0049734577554597,1.3184796724757881,48.586656
2E6S3NgbSG9NYwbdi6rWYB,Morning,Teyana Taylor,69,65Jg9mmsgao1JJizzRt7em,Morning,2019-11-01,Neo-Soul,1eqVgsNjaX6mxDPoefhocT,r&b,neo soul,0.579,0.632,3,-7.732,0,0.0918,0.677,0.0,0.0892,0.76,120.258,253947,neo-soul,1.0915352477802285,1.071200836707537,76.003056
5lWHbKbyWlf0HpqLmEI01t,Wrongs,Krept & Konan,58,6RM6ayf17KLktWBoa080eK,7 Nights,2017-10-20,Neo-Soul,1eqVgsNjaX6mxDPoefhocT,r&b,neo soul,0.753,0.635,5,-7.244,0,0.248,0.0607,0.0,0.0914,0.313,123.892,187013,neo-soul,0.8432923727856935,0.09559040064503835,78.67142
3XAFrOZbJYdMaHGP4qutqs,Some,Steve Lacy,51,47DbvIExnHbqAhIuzBAO9W,Steve Lacy's Demo,2017-02-24,NEO-soul,3q3M4VCymcMoxJ3Tl7mRqN,r&b,neo soul,0.51,0.666,4,-7.474,0,0.0638,0.0248,0.058,0.0758,0.106,103.584,180696,neo-soul,1.305879792392564,0.03723718132555356,68.98694400000001
3Ov9feZn8zNYiY6apq8Dx3,Apart,Alex Jacke,0,6bSmkNU1EAtaXgWDGLEKGv,Apart,2014-03-03,Neo-Soul,1eqVgsNjaX6mxDPoefhocT,r&b,neo soul,0.655,0.555,5,-8.388,0,0.0362,0.318,0.0,0.104,0.394,113.001,246525,neo-soul,0.8473269506458769,0.572971940591098,62.71555500000001
3TXKwYk2H7hZQFB0j8z4yq,On Chill (feat. Jeremih),Wale,44,6T6uGWwXe0mq15ndVGvU2n,On Chill (feat. Jeremih),2019-07-12,Neo-Soul,1eqVgsNjaX6mxDPoefhocT,r&b,neo soul,0.597,0.733,1,-6.017,1,0.41,0.134,0.0,0.159,0.639,171.016,214035,neo-soul,1.2278036385198685,0.18281011894936025,125.354728
20E9JE3J8dHNDj9saOeNgu,Losing,H.E.R.,64,0pV0Mx07aMApIpF19oSQgY,H.E.R.,2017-10-20,Neo-Soul,1eqVgsNjaX6mxDPoefhocT,r&b,neo soul,0.44,0.31,4,-13.487,0,0.259,0.357,0.000363,0.108,0.149,172.672,225773,neo-soul,0.7045438533094244,1.151609188357457,53.52832
17Z23wxx1J0nicqNfImgUE,Young Girl / I Really Like You,Pharrell Williams,0,226ds4GXn0ih3wZV7DZvl4,In My Mind,2006,NEO-soul,3q3M4VCymcMoxJ3Tl7mRqN,r&b,neo soul,0.543,0.757,10,-4.604,0,0.0679,0.0495,1.87e-05,0.0807,0.678,108.975,493960,neo-soul,1.3941042465851812,0.06538960978915484,82.494075
0fScVCIlDvKJYB550Fp8rM,Somthing's Missing,The Internet,46,69g3CtOVg98TPOwqmI2K7Q,Ego Death,2015-06-26,NEO-soul,3q3M4VCymcMoxJ3Tl7mRqN,r&b,neo soul,0.62,0.48,5,-9.348,0,0.1,0.154,0.357,0.0676,0.568,100.004,379973,neo-soul,0.7741922996898392,0.32083266493194806,48.00192
0mfCH4nfpshBQR9ueZP5eP,Girls Need Love (with Drake) - Remix,Summer Walker,10,3i9w4RgUuxBxUVaarH91kx,Girls Need Love (with Drake) [Remix],2019-02-10,Neo-Soul,1eqVgsNjaX6mxDPoefhocT,r&b,neo soul,0.656,0.432,6,-9.481,0,0.217,0.443,0.0,0.132,0.0897,97.022,222374,neo-soul,0.6585355815006378,1.025460589211599,41.913504
3OJ4LEE50iFELaHiZ09zif,Purple Emoji (feat. J. Cole),Ty Dolla $ign,72,5tcLbrane4ipoQy0liSuNH,Purple Emoji (feat. J Cole),2019-05-20,Neo-Soul,1eqVgsNjaX6mxDPoefhocT,r&b,neo soul,0.707,0.543,8,-4.61,1,0.279,0.151,0.0,0.384,0.824,144.18,163755,neo-soul,0.7680328599252335,0.2780842024231999,78.28974000000001
22oZYBEW53kgOKp3gVVaQm,Show Love,Everything Is Recorded,32,2P2uXKp2vAWLy3KtDgxKtm,Show Love,2017-10-20,NEO-soul,3q3M4VCymcMoxJ3Tl7mRqN,r&b,neo soul,0.768,0.372,4,-8.549,0,0.125,0.103,0.0324,0.139,0.268,148.529,190984,neo-soul,0.48437436930420663,0.2768809761264083,55.252787999999995
48EjSdYh8wz2gBxxqzrsLe,Cranes in the Sky,Solange,66,3Yko2SxDk4hc6fncIBQlcM,A Seat at the Table,2016-09-30,NEO-soul,3q3M4VCymcMoxJ3Tl7mRqN,r&b,neo soul,0.719,0.615,6,-5.972,1,0.045,0.408,0.000147,0.235,0.465,96.988,250973,neo-soul,0.8553534696057447,0.663413555425113,59.647619999999996
2F4JaV4P4zajoAiUkHD36b,Just Sayin/I Tried,The Internet,52,69g3CtOVg98TPOwqmI2K7Q,Ego Death,2015-06-26,NEO-soul,3q3M4VCymcMoxJ3Tl7mRqN,r&b,neo soul,0.489,0.506,11,-10.251,1,0.177,0.427,0.0862,0.12,0.431,95.528,413587,neo-soul,1.0347627100967074,0.8438718500556323,48.337168000000005
1opARDDYaOeE1QUdwXmBGu,Caught Up (feat. Khalid),Majid Jordan,74,3LHVZayhkrZPdryYqJ5JZu,Caught Up (feat. Khalid),2019-07-24,Neo-Soul,1eqVgsNjaX6mxDPoefhocT,r&b,neo soul,0.678,0.438,9,-8.847,0,0.0577,0.29,0.0,0.0838,0.501,81.498,247546,neo-soul,0.6460167462879848,0.6620989449795777,35.696124000000005
27aGlicHJKf5QY20looYlR,F You I Love You (feat. Teyana Taylor),KYLE,67,4UYc2CKvpyr2e1moEY6TL0,Light of Mine (Deluxe),2019-08-23,Neo-Soul,1eqVgsNjaX6mxDPoefhocT,r&b,neo soul,0.756,0.486,9,-6.491,0,0.2,0.138,0.0,0.116,0.586,98.05,236296,neo-soul,0.6428562925181316,0.28395003302462346,47.6523
5tHy30IHYjYTwln2uBD7Wq,Try,SAAKB,27,0LKdbPLeRucqES5EcOrRWp,Try,2019-04-02,Neo-Soul,1eqVgsNjaX6mxDPoefhocT,r&b,neo soul,0.562,0.532,0,-8.779,0,0.132,0.507,1.24e-06,0.0734,0.393,122.141,145500,neo-soul,0.9466175327090165,0.9530057274328431,64.97901200000001
3PFaFVWq5wucLu6s4baj9D,Girl,The Internet,67,69g3CtOVg98TPOwqmI2K7Q,Ego Death,2015-06-26,NEO-soul,3q3M4VCymcMoxJ3Tl7mRqN,r&b,neo soul,0.568,0.42,7,-11.169,0,0.276,0.536,0.124,0.101,0.453,79.89,415613,neo-soul,0.739435317895567,1.2761874376489581,33.5538
440JHgcmlgu65MbKBg20ba,I Know What You Want (feat. Flipmode Squad),Busta Rhymes,56,7xfoGxTPNTt33IVcWjDrRt,It Ain't Safe No More. . .,2002-11-26,Neo-Soul,1eqVgsNjaX6mxDPoefhocT,r&b,neo soul,0.563,0.751,6,-4.325,1,0.317,0.0141,0.0,0.636,0.487,85.789,324307,neo-soul,1.3339230303320955,0.018774941711129544,64.427539
37oeplukPtBPPewiuvp5gX,Locket,Kilo Kish,39,437Yhb2v5ZOmLdJOdV12pc,Across (Deluxe Edition),2014,NEO-soul,3q3M4VCymcMoxJ3Tl7mRqN,r&b,neo soul,0.544,0.427,9,-8.33,0,0.0298,0.174,0.0248,0.133,0.186,139.939,181400,neo-soul,0.784925027711346,0.40749319088245695,59.753952999999996
4nX7yBASMJgtM0F9OC1zTM,Out Of The Ordinary,Jacquees,55,4OloUHZpVVLawhX0DpBSrW,King of R&B,2019-11-08,Neo-Soul,1eqVgsNjaX6mxDPoefhocT,r&b,neo soul,0.723,0.464,9,-8.446,0,0.0409,0.0236,0.0,0.189,0.531,137.983,187600,neo-soul,0.6417695134584877,0.05086195934922554,64.024112
5uE5KDA3GhXPqhH6tlxrZc,Notice Me,JoJo2amazing,5,15mVeNqn2AQcPqXLVwiXsP,Notice Me,2019-10-29,Neo-Soul,1eqVgsNjaX6mxDPoefhocT,r&b,neo soul,0.449,0.587,9,-11.04,0,0.308,0.454,0.0,0.242,0.375,136.577,257143,neo-soul,1.3073467542388546,0.7734228732148668,80.170699
5ITIiswssMSAdTJ9ZDEI8D,Pilot Jones,Frank Ocean,55,623Ef2ZEB3Njklix4PC0Rs,channel ORANGE (Explicit Version),2012-01-01,Neo-Soul,1eqVgsNjaX6mxDPoefhocT,r&b,neo soul,0.394,0.433,8,-13.473,1,0.374,0.485,7.81e-05,0.817,0.394,118.988,184080,neo-soul,1.0989819822792328,1.1200897919404345,51.521803999999996
5BxD0HxuIyvEtpAuIbY4XS,Title,Kiana Ledé,55,5FMIDbQXaKNyDodFb9BGZ2,Title,2019-08-16,Neo-Soul,1eqVgsNjaX6mxDPoefhocT,r&b,neo soul,0.682,0.681,10,-6.997,1,0.087,0.388,0.000138,0.385,0.516,87.469,145947,neo-soul,0.9985322602166272,0.5697495304705866,59.566389
6Nle9hKrkL1wQpwNfEkxjh,Chanel,Frank Ocean,82,6OGzmhzHcjf0uN9j7dYvZH,Chanel,2017-03-10,NEO-soul,3q3M4VCymcMoxJ3Tl7mRqN,r&b,neo soul,0.776,0.503,0,-5.732,0,0.237,0.874,0.0,0.112,0.473,110.134,210285,neo-soul,0.6481950409857719,1.7375710982681942,55.397402
2RGe02P8xxSF9syj0ltPjX,Chronic Sunshine,Cosmo Pyke,60,2GVSTqYcLPfhtpkE7mTR99,Chronic Sunshine,2017-01-30,NEO-soul,3q3M4VCymcMoxJ3Tl7mRqN,r&b,neo soul,0.431,0.773,2,-5.002,1,0.0636,0.0264,0.0,0.348,0.504,111.387,270927,neo-soul,1.7934993190271022,0.034152607823275775,86.102151
32jcXj1C5zs4IccKkFEf0B,Her Vice,Rex Stax,26,3xUTcgaPU4IKXBJtTN5gnQ,Her Vice,2018-08-07,Neo-Soul,1eqVgsNjaX6mxDPoefhocT,r&b,neo soul,0.712,0.541,2,-8.79,1,0.24,0.113,5.13e-06,0.101,0.487,119.413,232667,neo-soul,0.7598303934966384,0.20887207232518976,64.602433
7N3c9CKUmRqrt3dDvGWBWG,Gotta Get Up - Interlude,Kali Uchis,53,4EPQtdq6vvwxuYeQTrwDVY,Isolation,2018-04-06,NEO-soul,3q3M4VCymcMoxJ3Tl7mRqN,r&b,neo soul,0.488,0.381,3,-8.095,0,0.0498,0.605,0.0872,0.0776,0.217,140.941,113270,neo-soul,0.7807361050489652,1.5879223414111774,53.698521
14geRrYSRz73sBbtPD4iPQ,Summer Reign (feat. Summer Walker),Rick Ross,62,1mgw5rbUS94uif2ce9QCf0,Port of Miami 2,2019-08-15,Neo-Soul,1eqVgsNjaX6mxDPoefhocT,r&b,neo soul,0.517,0.541,0,-6.844,1,0.235,0.0394,0.0,0.678,0.123,139.076,226480,neo-soul,1.0464196394204266,0.07282796150099537,75.240116
6FBzhcfgGacfXF3AmtfEaX,C U Girl,Steve Lacy,69,33jE0rzk63VdTJcDukmjRa,C U Girl,2015-02-15,NEO-soul,3q3M4VCymcMoxJ3Tl7mRqN,r&b,neo soul,0.414,0.473,11,-8.911,0,0.116,0.663,0.0523,0.128,0.409,100.0,129698,neo-soul,1.142509317610344,1.401688368523534,47.3
3UqLP9Cq1DNryqu9scjak0,Broke (feat. JID),Ari Lennox,60,3hejjJbFsinMBc1KBqF71w,Shea Butter Baby,2019-05-07,Neo-Soul,1eqVgsNjaX6mxDPoefhocT,r&b,neo soul,0.894,0.307,1,-8.941,0,0.115,0.173,0.0,0.0831,0.48,120.001,242000,neo-soul,0.3434000633108911,0.5635160797521832,36.840307
1AUA7JlrARv430PUJRK0Lp,American Boyfriend,Kevin Abstract,58,1yyCXBEu27Ia1Y3torWIwC,American Boyfriend: A Suburban Love Story,2016-11-18,NEO-soul,3q3M4VCymcMoxJ3Tl7mRqN,r&b,neo soul,0.463,0.698,1,-4.456,1,0.0368,0.0215,4.65e-06,0.238,0.351,93.072,238249,neo-soul,1.5075561391876042,0.03080224813431499,64.96425599999999
5ebcOd52e1IrKx7y8vkfxp,Drama,Club 97,0,65wCBC78Iszu0FHoTXz6aP,Drama,2017-10-24,Neo-Soul,1eqVgsNjaX6mxDPoefhocT,r&b,neo soul,0.748,0.511,4,-8.902,0,0.0603,0.21,0.0,0.105,0.249,139.981,219481,neo-soul,0.683154166906194,0.41095809988630155,71.530291
0AtY4uFaYBIl6tAjONkk1Z,Your Peace (feat. Lil Baby),Jacquees,48,26YNa0Q54Ls1DtQbSgrd7v,Your Peace,2019-03-22,Neo-Soul,1eqVgsNjaX6mxDPoefhocT,r&b,neo soul,0.518,0.63,6,-5.968,0,0.199,0.00997,0.0,0.101,0.576,195.958,183920,neo-soul,1.2162138683129955,0.015825371705759195,123.45354
2rTnVB1bvwxHtaIl4uVu7f,Slide,H.E.R.,81,6b3LhhX9Lt2861Dsh3ZCC2,Slide,2019-09-27,Neo-Soul,1eqVgsNjaX6mxDPoefhocT,r&b,neo soul,0.827,0.469,10,-9.141,0,0.341,0.0807,8.12e-06,0.207,0.196,97.028,238321,neo-soul,0.5671093505328288,0.17206786339474756,45.506132
1EGrDTfEuAiRzRdxlblpET,RPG (feat. 6lack),Kehlani,63,73ZvpuYhKDr2FW4vlPsTpW,While We Wait,2019-02-22,Neo-Soul,1eqVgsNjaX6mxDPoefhocT,r&b,neo soul,0.758,0.534,7,-7.368,0,0.287,0.402,0.0,0.0917,0.719,132.94,236218,neo-soul,0.704484558727495,0.7528075790120243,70.98996
2iGTYa6uaC3yKttM2z8hty,Frustrations + Solutions,Kilo Kish,34,5n9x1TanZHQSDd5Q0EOqlW,Reflections in Real Time,2016-02-29,NEO-soul,3q3M4VCymcMoxJ3Tl7mRqN,r&b,neo soul,0.787,0.454,10,-5.68,0,0.0301,0.111,0.000481,0.0998,0.425,80.009,181507,neo-soul,0.5768734728418388,0.2444928535399702,36.324086
63iZvr19gFAToQJdY7Sysn,"Dreams, Fairytales, Fantasies (feat. Brent Faiyaz & Salaam Remi)",A$AP Ferg,15,0Q3h1Bm5T7QPo8lI1S9mT6,Floor Seats,2019-08-16,Neo-Soul,1eqVgsNjaX6mxDPoefhocT,r&b,neo soul,0.737,0.597,7,-7.333,1,0.118,0.292,0.0,0.13,0.448,92.049,222987,neo-soul,0.81003960645915,0.4891114085236038,54.953253000000004
25zjtAivp2cKIwteEKOnxx,Self Importance,Kilo Kish,42,5n9x1TanZHQSDd5Q0EOqlW,Reflections in Real Time,2016-02-29,NEO-soul,3q3M4VCymcMoxJ3Tl7mRqN,r&b,neo soul,0.474,0.536,11,-6.749,0,0.0827,0.0214,0.0,0.255,0.174,88.645,181800,neo-soul,1.130799302111177,0.03992529864683088,47.51372
5dcZUsgcMW57ju0A379O7c,Them Changes,Thundercat,58,4anxEzh8xEKSPXKHGWiFue,Drunk,2017-02-24,NEO-soul,3q3M4VCymcMoxJ3Tl7mRqN,r&b,neo soul,0.784,0.55,8,-8.645,1,0.0632,0.551,0.000607,0.0899,0.715,81.676,188385,neo-soul,0.7015297174365849,1.0018163603338903,44.921800000000005
5SDmwAmdAtDG9kyGniVBKN,Seigfried,Frank Ocean,0,1PDX0hMmsSdq122EupvNZF,Blonde,2016-08-20,NEO-soul,3q3M4VCymcMoxJ3Tl7mRqN,r&b,neo soul,0.293,0.255,4,-11.155,0,0.0416,0.975,0.000248,0.101,0.363,170.565,334570,neo-soul,0.8703041969140038,3.8235144175905194,43.494075
2q8X0AA5YHDu0GelavXvUU,"Got Me (feat. Ari Lennox, Omen, Ty Dolla $ign & Dreezy)",Dreamville,13,3VTNWsdPxKZjJvEY87GivP,1-888-88-DREAM,2019-06-12,Neo-Soul,1eqVgsNjaX6mxDPoefhocT,r&b,neo soul,0.679,0.579,0,-7.03,0,0.327,0.15,0.0,0.0953,0.482,76.348,284107,neo-soul,0.8527233391408847,0.2590669100744213,44.205492
07Oz5StQ7GRoygNLaXs2pd,Good as Hell (feat. Ariana Grande) - Remix,Lizzo,89,1k1HuvFs562Z3CCiSYhtc1,Good as Hell (feat. Ariana Grande) [Remix],2019-10-25,Neo-Soul,1eqVgsNjaX6mxDPoefhocT,r&b,neo soul,0.668,0.892,5,-3.001,0,0.0645,0.298,0.0,0.735,0.478,95.927,159011,neo-soul,1.3353273423243377,0.33408034295925676,85.566884
0XUHYxHOOctkSXReILAaJV,This Way (Khalid x H.E.R.),Khalid,46,0C0Vs4XobImmqpr6kIasde,SUPERFLY (Original Motion Picture Soundtrack),2018-06-15,Neo-Soul,1eqVgsNjaX6mxDPoefhocT,r&b,neo soul,0.62,0.282,5,-10.533,0,0.0464,0.694,0.0,0.119,0.193,124.609,211205,neo-soul,0.4548379760677805,2.46098418090716,35.139737999999994
5zXmmhtXrhDbYnScaYpqZg,Imported (with 6LACK),Jessie Reyez,74,29vt4BpW3GYX7hHCbFkhfg,Imported (with 6LACK),2019-04-09,Neo-Soul,1eqVgsNjaX6mxDPoefhocT,r&b,neo soul,0.726,0.636,7,-3.615,1,0.0496,0.199,0.0,0.111,0.362,111.097,225040,neo-soul,0.8760318511957973,0.31289258979152546,70.657692
4x17P3F67cUBat3J1YRgNh,Come Over - Radio Edit,The Internet,32,6upYXH08wD6A2KIEjWCVel,Come Over,2018-05-30,NEO-soul,3q3M4VCymcMoxJ3Tl7mRqN,r&b,neo soul,0.764,0.64,8,-7.424,1,0.0388,0.0507,0.434,0.097,0.701,92.0,219440,neo-soul,0.8376952386187976,0.07921862622089652,58.88
5n1WeUNWJIjs9ueYD4v0Pt,Killer,Kali Uchis,56,4EPQtdq6vvwxuYeQTrwDVY,Isolation,2018-04-06,NEO-soul,3q3M4VCymcMoxJ3Tl7mRqN,r&b,neo soul,0.622,0.638,0,-6.291,1,0.043,0.129,1e-05,0.362,0.646,140.005,172357,neo-soul,1.0257218235983543,0.20219404044821246,89.32319
41cpvQ2GyGb2BRdIRSsTqK,Moon River,Frank Ocean,70,0iqqnLXoocsMeCYlTw3Q2q,Moon River,2018-02-14,NEO-soul,3q3M4VCymcMoxJ3Tl7mRqN,r&b,neo soul,0.24,0.116,0,-13.216,1,0.0329,0.877,0.00092,0.1,0.0937,77.349,188324,neo-soul,0.48333131945283564,7.560279652761614,8.972484000000001
0JmO3EBtl9qhnLkzr4FiP0,Speed,Kali Uchis,52,6f5gAJpM85TE6aQ81h46T5,Por Vida,2015-02-04,NEO-soul,3q3M4VCymcMoxJ3Tl7mRqN,r&b,neo soul,0.584,0.508,9,-6.68,0,0.0617,0.078,0.0,0.246,0.186,169.975,255184,neo-soul,0.8698615242097189,0.15354300483660463,86.3473
3C57ewlHARCVqeH3KiYkma,Sober,Mahalia,63,7BCTfMzue11vOGekGO0xL0,Sober,2017-07-07,NEO-soul,3q3M4VCymcMoxJ3Tl7mRqN,r&b,neo soul,0.657,0.7,10,-4.911,0,0.382,0.34,0.000106,0.0992,0.61,82.113,266288,neo-soul,1.0654473889689664,0.485713591837726,57.479099999999995
27Z1opuTMIEItuX9Gc0MBu,But Not Tonight,Depeche Mode,44,0JSOfVzxVTpyvxzXggc8rG,Black Celebration,1986-03-17,permanent wave,7rPsfDTqiZYIT4PVzQ4c0c,rock,permanent wave,0.715,0.516,2,-15.051,1,0.0307,0.741,0.0171,0.168,0.745,132.304,254840,permanent wave,0.7216773123394233,1.436043728597425,68.26886400000001
1JURww012QnWAw0zZXi6Aa,Just the Girl,The Click Five,59,7gZilZGYr8M7UwEeYvdAKZ,Greetings From Imrie House (U.S. Version),2005-08-08,Permanent Wave,2ExyzXAbukW7I8bDqdGvPB,rock,permanent wave,0.571,0.89,9,-1.6,1,0.0395,0.00509,0.0,0.0769,0.751,110.958,234147,permanent wave,1.5586662720380526,0.005719094697646407,98.75262
1bmX1yGa3aJkvfHgpdxwdo,Every Breath You Take,The Police,39,1wNDlgfrrLKInAgz5W4b2n,Greatest Hits,1992-01-01,Permanent Wave,03qQtbNHoJuFezRu2CnLuF,rock,permanent wave,0.813,0.34,1,-14.177,1,0.036,0.338,0.0037,0.0633,0.749,117.401,252707,permanent wave,0.4182036676461653,0.9941147231919907,39.91634
0TaWdoJiAJoln9OQ1RbdNs,My Way - 1993 Remastered Version,Sid Vicious,43,3EZ09EIoMr6Y5Q9aidbnhy,Playlist: New Wave,2008-04-28,Permanent Wave,5Go0Jsxj1UnsU7Om841BEo,rock,permanent wave,0.236,0.823,4,-7.165,1,0.0863,0.699,0.643,0.364,0.259,175.38,244813,permanent wave,3.4872733590111906,0.849330681250691,144.33774
5QpaGzWp0hwB5faV8dkbAz,Wherever You Will Go,The Calling,72,2Ir1mtE8K61cCNY5WQyKGV,Camino Palmero,2001,Permanent wave,0tOy7ZY4E2PadXIyj8zU43,rock,permanent wave,0.558,0.719,2,-5.113,1,0.0267,0.0367,0.0,0.115,0.371,112.027,208600,permanent wave,1.2885281567595754,0.05104304444639159,80.54741299999999
0s8OMEGJQJIUr9VFwNEH1v,With Arms Wide Open - New Version With Strings,Creed,60,3Nyjm9NBEdiaiWr2BEaV46,Human Clay,1999-01-01,Permanent Wave,2ExyzXAbukW7I8bDqdGvPB,rock,permanent wave,0.32,0.695,0,-5.756,1,0.0388,0.032,0.0,0.201,0.165,141.91,235267,permanent wave,2.1718682129118347,0.046043099218562276,98.62745
2wm3tJarIFNydVe0lRiBN9,GfC,"Albert Hammond, Jr.",33,5VdOzZmXRZtDbzIW2wg8XK,Como Te Llama?,2008-07-08,permanent wave,3uFyGoayrP71xS6T6Y8Bh2,rock,permanent wave,0.606,0.817,0,-5.666,1,0.0331,0.0171,0.258,0.137,0.369,129.999,188960,permanent wave,1.348182593758096,0.020930206939771188,106.209183
2h47SG8bNphmicAll4H9RV,Dead Man's Party,Oingo Boingo,53,44Q1H1q6nSnUnjjGPoxAJb,Dead Man's Party,1985-01-01,permanent wave,7rPsfDTqiZYIT4PVzQ4c0c,rock,permanent wave,0.568,0.863,1,-10.984,1,0.0383,0.5,0.000137,0.246,0.923,161.261,381627,permanent wave,1.51936352224732,0.5793736044338303,139.168243
5HBUDrdplsitbrwYYXFH6u,The Garden,Einstürzende Neubauten,28,3A0qgmzZ6HTvQqKot1bNYP,Strategies Against Architecture III,1991-05-21,Permanent Wave,5Go0Jsxj1UnsU7Om841BEo,rock,permanent wave,0.374,0.295,2,-8.281,0,0.0317,0.108,0.0141,0.0983,0.126,93.371,313307,permanent wave,0.7887679444707367,0.3661004538967665,27.544444999999996
1U2xFfjK1QUuicENnW0iwv,An End Has a Start,Editors,53,3csSbF72syMhIYq89doRha,An End Has a Start,2007,Permanent Wave,5glAD13obyL0G9SH9ukBz2,rock,permanent wave,0.351,0.923,6,-2.435,0,0.0537,2.03e-05,0.116,0.337,0.543,149.915,225533,permanent wave,2.6296221378286675,2.1993475630037235e-05,138.371545
6CKoWCWAqEVWVjpeoJXyNH,Shape Of My Heart,Sting,72,5kV0KBXfELibs6qQJLmOtg,Ten Summoner's Tales,1993-03-09,Permanent wave,0tOy7ZY4E2PadXIyj8zU43,rock,permanent wave,0.537,0.373,6,-10.081,0,0.0331,0.691,0.000915,0.083,0.244,83.936,279227,permanent wave,0.6945983340813144,1.8525419502896776,31.308128000000004
7wIQKJIOrQaTbzrZKeq6V0,Holocaust,Big Star,32,7J7sZIPRWHxt3eVPGKsfi6,Keep An Eye On The Sky,2009-09-14,Permanent Wave,5Go0Jsxj1UnsU7Om841BEo,rock,permanent wave,0.34,0.0928,0,-16.507,1,0.0343,0.898,0.000645,0.0919,0.16,131.254,228293,permanent wave,0.2729403737047832,9.676619864010087,12.180371199999998
4qgZs0RNjdzKAS22lP0QjY,Where The Streets Have No Name - Remastered,U2,65,5y6wlw1LnqFnQFruMeiwGU,The Joshua Tree (Super Deluxe),1987-03-03,Permanent Wave,03qQtbNHoJuFezRu2CnLuF,rock,permanent wave,0.49,0.724,2,-9.581,1,0.0366,0.00976,0.0046,0.159,0.292,125.812,337506,permanent wave,1.4775480050040715,0.013480644363750878,91.08788799999999
0d28khcov6AiegSCpG5TuT,Feel Good Inc.,Gorillaz,80,0bUTHlWbkSQysoM3VsWldT,Demon Days,2005-05-23,permanent wave,3uFyGoayrP71xS6T6Y8Bh2,rock,permanent wave,0.818,0.705,6,-6.679,1,0.177,0.00836,0.00233,0.613,0.772,138.559,222640,permanent wave,0.8618571370939644,0.01185813920831318,97.684095
2VpWQNy9Ywa6rIPX4l54A2,Let Me Go,Heaven 17,44,7uiDwjlTNmG6chyrlVITf6,The Luxury Gap (Deluxe Version),1982,Permanent Wave,03qQtbNHoJuFezRu2CnLuF,rock,permanent wave,0.718,0.783,10,-7.189,0,0.0408,0.0483,0.00124,0.387,0.504,106.671,262507,permanent wave,1.0905277290700153,0.06168574497350578,83.52339300000001
0wDEiGfq4pw7FAkYKpkwMo,Trojans,Atlas Genius,60,3yhETmhJwSVSLGDyTJgnqo,When It Was Now,2013-02-18,permanent wave,3uFyGoayrP71xS6T6Y8Bh2,rock,permanent wave,0.721,0.822,7,-4.843,1,0.0391,0.0113,7.01e-05,0.0898,0.536,140.002,217387,permanent wave,1.1400816365025845,0.013746941913695968,115.081644
5qrNtSNkPsWfjqaYNugzYT,Rock You Like a Hurricane - 2015 - Remaster,Scorpions,9,1FcFWr00ABVqIcgiPvgvZJ,Love At First Sting,1984,Permanent Wave,03qQtbNHoJuFezRu2CnLuF,rock,permanent wave,0.402,0.873,4,-3.209,0,0.0586,0.00484,7.3e-05,0.157,0.684,125.443,253667,permanent wave,2.1716363889642065,0.005544094451209104,109.51173899999999
5oQcOu1omDykbIPSdSQQNJ,1985,Bowling For Soup,69,43jBR9MNJk5AUuB56M0pRF,A Hangover You Don't Deserve,2004,Permanent Wave,2ExyzXAbukW7I8bDqdGvPB,rock,permanent wave,0.606,0.887,4,-4.404,1,0.0598,0.000242,0.0,0.337,0.903,119.974,193000,permanent wave,1.4636939543004055,0.0002728294556601402,106.416938
3yUcJwYu7fXAfqMj9krY6l,Thank You,Dido,68,7ydMeYrv8bFFRkkHepoJM4,No Angel,1999,Permanent wave,0tOy7ZY4E2PadXIyj8zU43,rock,permanent wave,0.725,0.583,1,-9.942,0,0.0424,0.3,0.000215,0.0665,0.765,79.984,218360,permanent wave,0.8041368218802456,0.5145788772231952,46.630672
4KacUpvbA3Mfo05gttTjhN,Fat Lip,Sum 41,73,2UCWsnmZEVg9HhnMeKTsim,"All Killer, No Filler",2001-01-01,Permanent Wave,2ExyzXAbukW7I8bDqdGvPB,rock,permanent wave,0.402,0.914,9,-5.215,1,0.142,0.000579,0.0,0.065,0.626,196.505,178267,permanent wave,2.27362618500949,0.0006334785191701103,179.60557
0COqiPhxzoWICwFCS4eZcp,Bring Me To Life,Evanescence,78,02w1xMzzdF2OJxTeh1basm,Fallen,2003-01-01,Permanent Wave,2ExyzXAbukW7I8bDqdGvPB,rock,permanent wave,0.331,0.943,4,-3.188,0,0.0698,0.00721,2.06e-06,0.242,0.296,94.612,235893,permanent wave,2.8489339911359783,0.0076458031327644406,89.21911599999999
7hm4HTk9encxT0LYC0J6oI,Someday,The Strokes,64,2k8KgmDp9oHrmu0MIj4XDE,Is This It,2001-07-30,permanent wave,3uFyGoayrP71xS6T6Y8Bh2,rock,permanent wave,0.538,0.52,9,-7.46,1,0.0299,0.00425,0.0,0.367,0.678,106.031,183440,permanent wave,0.9665409543848431,0.008173061205651528,55.136120000000005
6wpGqhRvJGNNXwWlPmkMyO,I Still Haven't Found What I'm Looking For,U2,76,5y6wlw1LnqFnQFruMeiwGU,The Joshua Tree (Super Deluxe),1987-03-03,Permanent wave,0tOy7ZY4E2PadXIyj8zU43,rock,permanent wave,0.564,0.774,1,-9.424,1,0.0368,0.0135,0.00191,0.0861,0.657,100.894,277477,permanent wave,1.3723379923085244,0.017441837930441947,78.09195600000001
3lX49Bqy21Y5HneUJ7p55G,Sunday Morning,The Velvet Underground,11,1gGjSTfser1MPfowGiuy9l,The Velvet Underground & Nico 45th Anniversary (Super Deluxe Edition),1967-03-12,Permanent Wave,5Go0Jsxj1UnsU7Om841BEo,rock,permanent wave,0.505,0.427,5,-13.217,0,0.0278,0.0897,0.000561,0.0802,0.477,105.816,175813,permanent wave,0.8455428801131086,0.21006976564457697,45.183432
7sYMg9phXqdP8L9nPjFZIu,Cargo Cult,Mick Harvey,9,3lv5AxsOmqps52pjbSXjaQ,Intoxicated Women,2017-01-20,Permanent Wave,5Go0Jsxj1UnsU7Om841BEo,rock,permanent wave,0.297,0.709,2,-7.417,1,0.0602,0.00239,0.297,0.149,0.28,151.805,410718,permanent wave,2.387197349503874,0.003370940238448183,107.629745
5lN1EH25gdiqT1SFALMAq1,Gold on the Ceiling,The Black Keys,69,5DLhV9yOvZ7IxVmljMXtNm,El Camino,2011-12-06,Permanent Wave,5Go0Jsxj1UnsU7Om841BEo,rock,permanent wave,0.505,0.833,0,-4.632,1,0.0475,0.00772,7.9e-05,0.069,0.565,130.121,224333,permanent wave,1.6495016841550807,0.009267695957147711,108.390793
6vluCORdF8bV6zhXfKyKBp,Blue Orchid,The White Stripes,60,39CQ9tlFmcmE2pN6PkJWvZ,Get Behind Me Satan,2005-06-07,Permanent Wave,5Go0Jsxj1UnsU7Om841BEo,rock,permanent wave,0.481,0.634,10,-8.428,0,0.318,0.111,5.32e-06,0.3,0.675,151.236,158280,permanent wave,1.3180845777867407,0.17507858820411953,95.883624
1UqhkbzB1kuFwt2iy4h29Q,Cough Syrup,Young the Giant,70,2ww7MYrkExsljnKhcINDse,Young the Giant (Special Edition),2011,permanent wave,3uFyGoayrP71xS6T6Y8Bh2,rock,permanent wave,0.534,0.721,11,-7.307,0,0.0417,0.0343,6.24e-06,0.115,0.225,128.978,249520,permanent wave,1.3501847374817648,0.047572749552358455,92.993138
2gANywSFYF58YFMPdDSAjC,Stand by Me,Oasis,67,5WsCU95SaumguegxnC87TV,Be Here Now,1997-08-21,Permanent wave,0tOy7ZY4E2PadXIyj8zU43,rock,permanent wave,0.214,0.828,7,-2.66,1,0.0383,0.0142,1.61e-06,0.161,0.388,169.876,356600,permanent wave,3.869140798407484,0.017149737741862632,140.657328
40riOy7x9W7GXjyGp4pjAv,Hotel California - 2013 Remaster,Eagles,82,2widuo17g5CEC66IbzveRu,Hotel California (2013 Remaster),1976-12-08,Permanent wave,0tOy7ZY4E2PadXIyj8zU43,rock,permanent wave,0.579,0.508,2,-9.484,1,0.027,0.00574,0.000494,0.0575,0.609,147.125,391376,permanent wave,0.8773732687853735,0.011299190355924495,74.7395
5MzphLubufqPp6GYQAjhQD,The Second You Sleep,Saybia,58,5XFOWdDivkN89mkap9dYjL,The Second You Sleep,2002-10-28,Permanent wave,0tOy7ZY4E2PadXIyj8zU43,rock,permanent wave,0.36,0.454,4,-6.026,1,0.0311,0.219,0.0,0.361,0.116,71.75,257200,permanent wave,1.2611076080344223,0.48237779211940063,32.5745
3aA5fk4c6a7e5HM4rJqkSF,Matilda,alt-J,55,6k3vC8nep1BfqAIJ81L6OL,An Awesome Wave,2012-09-18,Permanent wave 🌊,0QN4FeJQ1mpCygRg9r2JIK,rock,permanent wave,0.576,0.653,2,-9.132,1,0.03,0.779,0.361,0.113,0.209,147.867,227920,permanent wave,1.1336785873635638,1.1929537627048044,96.55715099999999
0gJO3qjzYbIhoHFRtArifw,Modern Love Is Automatic,A Flock Of Seagulls,22,1hwPP3qgnV7PQrMSy6qFw8,A Flock Of Seagulls,1982-04-30,permanent wave,7rPsfDTqiZYIT4PVzQ4c0c,rock,permanent wave,0.367,0.609,7,-13.071,1,0.0574,0.0978,0.963,0.554,0.298,162.656,229307,permanent wave,1.6593960234440779,0.1605908693089174,99.057504
3Kv4z77qhv7DZ7W16x2S0z,Kingdom Of Rust,Doves,48,1wTJNgMbDEkPRYCcTcDsTr,Kingdom Of Rust,2009-01-01,Permanent Wave,5glAD13obyL0G9SH9ukBz2,rock,permanent wave,0.448,0.667,7,-9.216,0,0.0306,0.0208,0.744,0.0812,0.44,105.126,311520,permanent wave,1.488835962419727,0.031184361042936964,70.11904200000001
4CRpOsjhvgxjF7rQufmyZ1,Inbetween Days,The Cure,62,7zJzNs8eVgbkVVSQSwKRtx,The Head On The Door,1985-08-26,permanent wave,7rPsfDTqiZYIT4PVzQ4c0c,rock,permanent wave,0.546,0.836,9,-6.321,1,0.0317,0.107,0.583,0.166,0.735,142.605,177987,permanent wave,1.5311327268631374,0.1279902775235915,119.21777999999999
7lRlq939cDG4SzWOF4VAnd,I'm Not Okay (I Promise),My Chemical Romance,74,3DuiGV3J09SUhvp8gqNx8h,Three Cheers for Sweet Revenge,2004-06-08,Permanent Wave,2ExyzXAbukW7I8bDqdGvPB,rock,permanent wave,0.21,0.94,9,-3.427,1,0.123,0.00602,0.0,0.269,0.255,179.722,186480,permanent wave,4.476169161099233,0.006404248506118611,168.93868
4Gd9PUEuOTOJtbgd4YxLXM,Savin' Me,Nickelback,64,3eZd2XbhLyPcgbgcsLTZh3,All the Right Reasons,2005-09-26,Permanent Wave,2ExyzXAbukW7I8bDqdGvPB,rock,permanent wave,0.441,0.815,3,-4.088,1,0.0276,0.000731,0.0,0.414,0.522,164.021,219320,permanent wave,1.8480683717270483,0.00089693141480808,133.677115
5CXdKtyCJ3L6iyexETMdaW,Fire,Saravah Soul,5,2mB951rZswhDEvyP8t9TLW,Cultura Impura,2010-07-05,Permanent Wave,5Go0Jsxj1UnsU7Om841BEo,rock,permanent wave,0.523,0.754,2,-6.408,1,0.206,0.18,1.59e-05,0.342,0.744,169.29,215400,permanent wave,1.4416798438243903,0.23872647383756784,127.64465999999999
0QVf7U1E5qxHHill6UnYtE,Adrienne,The Calling,48,2Ir1mtE8K61cCNY5WQyKGV,Camino Palmero,2001,Permanent Wave,2ExyzXAbukW7I8bDqdGvPB,rock,permanent wave,0.303,0.878,6,-6.732,1,0.0656,0.000669,0.0,0.07,0.78,184.049,270333,permanent wave,2.897680205675889,0.0007619581298882347,161.595022
5Pdd4QCr0rREXM03zBM2Eh,Walk Idiot Walk,The Hives,58,2Qo8MVIOIyrBrqgoCsHCXV,Tyrannosaurus Hives,2004-01-01,permanent wave,3uFyGoayrP71xS6T6Y8Bh2,rock,permanent wave,0.623,0.947,9,-3.934,1,0.103,0.00386,0.00575,0.582,0.684,146.318,211813,permanent wave,1.520061765550938,0.0040760252629089095,138.56314600000002
1KgfeuVn5OlsBEtoEmBa1t,Live Forever,Oasis,57,5zfhhKXHK0YQdvacCs1ErM,Definitely Maybe,1994-08-29,Permanent Wave,5glAD13obyL0G9SH9ukBz2,rock,permanent wave,0.335,0.776,9,-5.32,0,0.0325,9.27e-06,9.51e-06,0.369,0.219,90.59,276867,permanent wave,2.3164109957880723,1.1945860894509155e-05,70.29784000000001
2f5N826udWfjT9iomeaBJt,If You're Gone,Matchbox Twenty,64,2HqQR5SkxWX7uUWaxlLksn,Mad Season,2000-05-23,Permanent Wave,2ExyzXAbukW7I8bDqdGvPB,rock,permanent wave,0.544,0.659,9,-7.191,1,0.0298,0.427,1.33e-06,0.126,0.361,109.933,274933,permanent wave,1.211394831994794,0.6479504583452832,72.44584700000001
27L8sESb3KR79asDUBu8nW,Stacy's Mom,Fountains Of Wayne,73,6TZp52tXShLQbq8yNMxqNT,Welcome Interstate Managers,2003-01-01,Permanent Wave,2ExyzXAbukW7I8bDqdGvPB,rock,permanent wave,0.774,0.75,11,-4.927,0,0.0413,0.0021,1.85e-05,0.0808,0.925,118.015,197987,permanent wave,0.9689909961356639,0.0027999962666716443,88.51125
7CVYxHq1L0Z4G84jTDS6Jl,Don't Look Back In Anger - Remastered,Oasis,63,6ozp33PI3p9AdddB6ZL3xQ,(What's The Story) Morning Glory? (Deluxe Edition) [Remastered],1995-10-02,permanent wave,3uFyGoayrP71xS6T6Y8Bh2,rock,permanent wave,0.333,0.922,0,-4.087,1,0.0592,0.0596,2.05e-06,0.126,0.335,162.978,289559,permanent wave,2.7687604541728104,0.06464201231885865,150.26571600000003
7IsEXPk6qqt30FfQv4SZMa,The Way,Fastball,62,2KVpGKVIzcK9bB13MXJGEb,All The Pain Money Can Buy,1998-01-01,Permanent Wave,2ExyzXAbukW7I8bDqdGvPB,rock,permanent wave,0.646,0.882,6,-5.648,0,0.0346,0.143,9.67e-06,0.335,0.908,120.837,257093,permanent wave,1.3653229638963407,0.1621313354520006,106.57823400000001
7ezxnrzFzaOoy9yYUhP9S2,She’s Gone Away,Nine Inch Nails,40,2fThnKRzs6iudIAzHP9VOa,Not The Actual Events,2016-12-23,Permanent Wave,5Go0Jsxj1UnsU7Om841BEo,rock,permanent wave,0.365,0.926,5,-7.679,1,0.122,0.314,0.967,0.11,0.206,79.969,359947,permanent wave,2.5369793507415053,0.3390925063795827,74.051294
3bE5slaVEfaDreqARl6k4M,Yellow Ledbetter,Pearl Jam,69,1WJ3UbOi2QYGuRgXCc9FIV,Jeremy,1991,Permanent wave,0tOy7ZY4E2PadXIyj8zU43,rock,permanent wave,0.504,0.354,4,-11.3,1,0.0339,0.29,4.71e-06,0.157,0.292,140.87,303587,permanent wave,0.7023795587707167,0.8192067254047305,49.867979999999996
2o49Twc3qrNMOt8gq9W06L,Pictures Of You - Remastered,The Cure,60,0H6TddUF2M63ZSHGvhk5yy,Disintegration (Deluxe Edition),1989-05-02,permanent wave,7rPsfDTqiZYIT4PVzQ4c0c,rock,permanent wave,0.476,0.764,9,-6.454,1,0.032,0.00325,0.112,0.138,0.546,171.903,448307,permanent wave,1.6050386448767966,0.004253921133611081,131.333892
2N2yrmodOnVF10mKvItC9P,Don't Cry (Original),Guns N' Roses,74,0CxPbTRARqKUYighiEY9Sz,Use Your Illusion I,1991-01-01,Permanent wave,0tOy7ZY4E2PadXIyj8zU43,rock,permanent wave,0.456,0.59,11,-8.638,1,0.0327,0.00182,0.00379,0.104,0.243,124.635,283733,permanent wave,1.2938568117175182,0.0030847405343380776,73.53465
2IZZqH4K02UIYg5EohpNHF,Zombie,The Cranberries,80,5GugLrmYMl5VRoe2zNgLGp,No Need To Argue,1994-10-03,Permanent wave,0tOy7ZY4E2PadXIyj8zU43,rock,permanent wave,0.307,0.635,7,-8.957,1,0.0339,0.0155,0.00486,0.366,0.305,166.978,306427,permanent wave,2.068397171344719,0.02440941037888129,106.03103
5quv9YDjbVlXddPEk08N0H,Seven - Remastered,Sunny Day Real Estate,45,2BpIgyANTKnyMIIRvXOjm2,Diary (2009 Edition),1994-05-10,Permanent Wave,5glAD13obyL0G9SH9ukBz2,rock,permanent wave,0.264,0.964,5,-5.433,1,0.0867,0.000174,0.0038,0.194,0.306,140.202,286400,permanent wave,3.6515013200707576,0.00018049773807288583,135.154728
16DhvbuyvJob4Q9GHNYu2n,She Hates Me,Puddle Of Mudd,69,4oWz3E9jTrBe9sVkiX2sJ5,Come Clean,2001-08-28,Permanent Wave,2ExyzXAbukW7I8bDqdGvPB,rock,permanent wave,0.58,0.748,4,-5.433,1,0.0323,0.00935,0.0,0.753,0.584,109.781,216760,permanent wave,1.289652948874226,0.012499983288792395,82.11618800000001
1mQRQlbf1nXbazPEuSyij8,22,Taylor Swift,0,092fm0yKd9V4VGi6G3u51Y,22,2012-01-01,🤩🤪Post Teen Pop🤪🤩,6IT8LGpwLw3Pt2XnVUBN7j,pop,post-teen pop,0.661,0.724,7,-6.548,1,0.0373,0.00288,0.00133,0.0631,0.676,104.011,231867,post teen pop,1.0953084791097139,0.003977895058155997,75.303964
6EzuVdWmzgOBmqHpzbbzfQ,Witness,Katy Perry,52,0UlbGi4oAth8s6rwaGSU8Z,Witness (Deluxe),2017-06-09,Post Teen Pop,2Aud8PXoTGcyY5esHu4Aaz,pop,post-teen pop,0.569,0.614,6,-8.808,0,0.0566,0.0356,0.000175,0.106,0.122,119.764,250507,post teen pop,1.0790842195356423,0.05798036159550229,73.535096
2K87XMYnUMqLcX3zvtAF4G,Drag Me Down,One Direction,76,1gMxiQQSg5zeu4htBosASY,Made In The A.M. (Deluxe Edition),2015-11-13,Post Teen Pop,2Aud8PXoTGcyY5esHu4Aaz,pop,post-teen pop,0.73,0.703,0,-5.672,0,0.0369,0.109,0.0,0.0657,0.595,138.113,192120,post teen pop,0.9630123794350965,0.15504956607458595,97.09343899999999
2adTfABiJJQpZWlujYO3Qo,Can't Stop Singing,Ross Lynch,57,5ANe5AfOnYydm3lXELfiHF,Teen Beach Movie,2013-01-01,post teen pop,45AKTTGQEfYgAyidW5hucn,pop,post-teen pop,0.513,0.69,0,-4.986,1,0.0341,0.51,0.0,0.102,0.777,96.881,145920,post teen pop,1.3450266178818362,0.7391293635806325,66.84788999999999
6HtHyWKAzwFwrSnnTunDMl,Act My Age,Katy Perry,41,0UlbGi4oAth8s6rwaGSU8Z,Witness (Deluxe),2017-06-09,Post Teen Pop,2Aud8PXoTGcyY5esHu4Aaz,pop,post-teen pop,0.687,0.793,9,-5.461,1,0.0895,0.00708,0.0,0.375,0.622,112.057,221613,post teen pop,1.1542923518306376,0.008928109800618159,88.86120100000001
5sbooPcNgIE22DwO0VNGUJ,POP/STARS,K/DA,75,0UnBZ8laFgLUq5Ty5vbikQ,POP/STARS,2018-11-03,Post Teen Pop,2Aud8PXoTGcyY5esHu4Aaz,pop,post-teen pop,0.566,0.769,7,-4.342,1,0.0872,0.0183,0.0,0.108,0.385,170.036,191100,post teen pop,1.3586548433660013,0.02379710819621821,130.757684
5avDeYm5YWTj3xj2ysccWu,Breakout,Margaret Durante,30,18c2h2tjmiJYSFVe144llF,Shake It Up: Break It Down,2011-01-01,post teen pop,45AKTTGQEfYgAyidW5hucn,pop,post-teen pop,0.833,0.805,8,-5.507,0,0.0851,0.0523,8e-05,0.294,0.5,114.996,179040,post teen pop,0.9663853944953248,0.06496886339271628,92.57178
03yWftlC0np4NshtX9RAUy,"Wildside - From ""Adventures in Babysitting""",Sabrina Carpenter,55,5gmYqZjyX50yWhiT31hUxJ,Your Favorite Songs from 100 Disney Channel Original Movies,2016-05-20,🤩🤪Post Teen Pop🤪🤩,6IT8LGpwLw3Pt2XnVUBN7j,pop,post-teen pop,0.766,0.576,6,-5.614,1,0.0426,0.00404,0.000138,0.0794,0.744,122.975,187960,post teen pop,0.7519572428756619,0.007013876712019597,70.83359999999999
51NrdlQOSTeq0d6U7xRKsz,"Can't Back Down - From ""Camp Rock 2: The Final Jam""",Demi Lovato,53,5iK842b9xnZblgZkRxWCFe,Camp Rock 2: The Final Jam,2010-01-01,post teen pop,45AKTTGQEfYgAyidW5hucn,pop,post-teen pop,0.637,0.849,8,-4.348,1,0.0957,0.0793,0.0,0.0847,0.699,120.052,199933,post teen pop,1.3328079547755811,0.09340389469505925,101.924148
4wZqeCVR3fwS5MFoRtAnia,no tears left to cry,Ariana Grande,40,5KOu62BJwwCJTfyyAaEbZk,Sweetener,2018-08-17,Post Teen Pop,2Aud8PXoTGcyY5esHu4Aaz,pop,post-teen pop,0.701,0.713,0,-5.507,1,0.0547,0.04,3.14e-06,0.267,0.361,121.934,205920,post teen pop,1.0171169513310252,0.056100903084287404,86.938942
3ZFTkvIE7kyPt6Nu3PEa7V,Hips Don't Lie (feat. Wyclef Jean),Shakira,80,5ppnlEoj4HdRRdRihnY3jU,"Oral Fixation, Vol. 2 (Expanded Edition)",2005-11-28,post teen pop,2ltt5ouiEO301o2jbxn30d,pop,post-teen pop,0.778,0.824,10,-5.892,0,0.0712,0.284,0.0,0.405,0.756,100.024,218093,post teen pop,1.0591246026676058,0.3446597758983302,82.419776
5SwEgzUFDHwpWHKrbnP32Z,Youth feat. Khalid,Shawn Mendes,11,6AjREacSERvnQTe6GFTx3c,Shawn Mendes,2018-05-25,Post Teen Pop,2Aud8PXoTGcyY5esHu4Aaz,pop,post-teen pop,0.518,0.596,6,-6.653,0,0.124,0.569,0.0,0.133,0.326,100.28,190867,post teen pop,1.1505769293881671,0.9546963847376094,59.76688
5ecZWU5uQOiCVSnPxBZNmT,7 Things - Single Version,Miley Cyrus,61,0Yu3czJNOQ68fZgkvpjuHL,Breakout,2008-01-01,post teen pop,45AKTTGQEfYgAyidW5hucn,pop,post-teen pop,0.59,0.903,1,-4.478,0,0.0363,0.0232,0.0,0.0786,0.542,107.023,213453,post teen pop,1.5305058804985077,0.02569210886809649,96.641769
37f4ITSlgPX81ad2EvmVQr,Fight Song,Rachel Platten,79,0mFDIOqypzHp6Xd0el1hoT,Wildfire,2016-01-01,post teen pop,2ltt5ouiEO301o2jbxn30d,pop,post-teen pop,0.564,0.714,7,-4.987,1,0.129,0.0549,0.0,0.155,0.33,175.924,204013,post teen pop,1.2659552022070883,0.07689064861253696,125.609736
1rN55j78K87LEfRKZsSFYm,Body Language (feat. Usher & Tinashe),Kid Ink,1,0d8ZiQuUcHDzUkqz9PEn7j,Full Speed,2015-01-02,🤩🤪Post Teen Pop🤪🤩,6IT8LGpwLw3Pt2XnVUBN7j,pop,post-teen pop,0.882,0.53,5,-5.771,0,0.0379,0.0187,0.0,0.097,0.256,99.015,206280,post teen pop,0.6009063481787436,0.03528295229631642,52.47795
1wjzFQodRWrPcQ0AnYnvQ9,I Like Me Better,Lauv,83,7l6fTSFvlumnPFpOSrbnDV,I Like Me Better,2017-05-19,🤩🤪Post Teen Pop🤪🤩,6IT8LGpwLw3Pt2XnVUBN7j,pop,post-teen pop,0.752,0.505,9,-7.621,1,0.253,0.535,2.55e-06,0.104,0.419,91.97,197437,post teen pop,0.6715416601839626,1.0594038427646677,46.44485
1YaVmBh7EAeR54FIjuFcb5,Naturally,Selena Gomez & The Scene,63,5lm8loAsSpprr19lwSY16V,Kiss & Tell,2009-01-01,post teen pop,2ltt5ouiEO301o2jbxn30d,pop,post-teen pop,0.605,0.902,10,-5.406,0,0.0511,0.0185,1.01e-06,0.0534,0.875,132.612,202587,post teen pop,1.4909066266006172,0.020509955088741583,119.616024
1nIDYHvLaZnD5lEf66SH80,TTYLXOX,Bella Thorne,47,2aZGnLDnhv0tUchnx6pxNB,"TTYLXOX (From ""Shake It Up: Live 2 Dance"")",2012-01-01,post teen pop,45AKTTGQEfYgAyidW5hucn,pop,post-teen pop,0.819,0.683,7,-6.144,1,0.156,0.00291,0.122,0.254,0.671,112.007,154773,post teen pop,0.8339428156986378,0.004260608696034119,76.500781
5YY6Z7YnjGOPxYy8ooZmLC,Volcanic Love,The Aces,51,2lsQE89fPFInz2J62K6waw,When My Heart Felt Volcanic,2018-04-06,🤩🤪Post Teen Pop🤪🤩,6IT8LGpwLw3Pt2XnVUBN7j,pop,post-teen pop,0.439,0.819,6,-4.253,1,0.0751,0.0134,0.0,0.2,0.567,179.885,205977,post teen pop,1.8655993949899887,0.0163613963841314,147.32581499999998
1QV6tiMFM6fSOKOGLMHYYg,Poker Face,Lady Gaga,76,1qwlxZTNLe1jq3b0iidlue,The Fame,2008-01-01,post teen pop,2ltt5ouiEO301o2jbxn30d,pop,post-teen pop,0.851,0.806,4,-4.62,1,0.0787,0.118,1.64e-06,0.121,0.787,118.999,237200,post teen pop,0.9471199211281773,0.14640180347170784,95.913194
6orRFPOpyksp2Hgh7KDehQ,Qué hay más allá,María Parrado,47,0nA3yR0mNPvh8ckbehR4YP,Vaiana (Banda Sonora Original en Castellano),2016-12-02,Post teen pop,7jQHOrErpLMStcUUSavQWR,pop,post-teen pop,0.648,0.349,4,-10.809,1,0.0843,0.673,0.0,0.0959,0.121,84.055,163387,post teen pop,0.5385794157725065,1.9283612367872875,29.335195
1r299qCKBLgUS9XJ9m1kEx,Moves Like Jagger,Maroon 5,61,5NdkVAsSvgUfe3cD8LwSTD,Singles,2015-09-25,post teen pop,6rjxP7GQKoqqgoakzxl3PY,pop,post-teen pop,0.72,0.751,11,-4.484,0,0.0462,0.0113,0.0,0.353,0.599,128.017,202640,post teen pop,1.043054106869296,0.015046584491898145,96.140767
7qvxFz3JodM0A7xEM7k3YD,Chained To The Rhythm,Katy Perry,71,0UlbGi4oAth8s6rwaGSU8Z,Witness (Deluxe),2017-06-09,Post Teen Pop,2Aud8PXoTGcyY5esHu4Aaz,pop,post-teen pop,0.446,0.8,0,-5.404,1,0.174,0.0814,0.0,0.199,0.474,189.89,237733,post teen pop,1.793717951305042,0.10174987281265897,151.912
7evPpWWu01Klxi0KlPxR17,Mercy,Shawn Mendes,18,2AJaA0is5qbaqFy77tPl7B,Illuminate (Deluxe),2016-09-23,Post Teen Pop,2Aud8PXoTGcyY5esHu4Aaz,pop,post-teen pop,0.568,0.686,11,-4.901,0,0.0903,0.133,0.0,0.11,0.4,148.294,208733,post teen pop,1.2077443525627598,0.19387726840048336,101.72968400000002
0RAWnqcWbkXp5XJlTGH3Si,Telephone,Waterparks,52,7aKMsXKKABZQXKXjQaQHXG,FANDOM,2019-10-11,🤩🤪Post Teen Pop🤪🤩,6IT8LGpwLw3Pt2XnVUBN7j,pop,post-teen pop,0.547,0.948,8,-3.256,1,0.0693,0.0302,5.26e-05,0.335,0.892,168.98,153995,post teen pop,1.733086411176579,0.0318565064804784,160.19304
4DTrKnvkHtwQN6kBu4XXIF,She's So Gone,Naomi Scott,66,6Vsml6sziVKBHxbMEp5wgQ,Lemonade Mouth,2011-01-01,🤩🤪Post Teen Pop🤪🤩,6IT8LGpwLw3Pt2XnVUBN7j,pop,post-teen pop,0.518,0.861,11,-4.002,1,0.0673,0.0277,1.42e-06,0.249,0.457,141.986,186453,post teen pop,1.6621589533610936,0.03217185578181674,122.249946
5LiW25vFN2BzrceU27R8qy,Here I Am,Renee Sandstrom,35,2UFGffYhwvhVGzXYldlpZk,Camp Rock OST,2008-01-01,Post teen pop,7jQHOrErpLMStcUUSavQWR,pop,post-teen pop,0.483,0.788,3,-3.473,1,0.0341,0.157,0.0,0.177,0.449,143.001,225760,post teen pop,1.6314666015184236,0.199238325839688,112.68478800000001
4cluDES4hQEUhmXj6TXkSo,What Makes You Beautiful,One Direction,78,6cunQQ7YZisYOoiFu2ywIq,Up All Night,2012-05-25,post teen pop,2ltt5ouiEO301o2jbxn30d,pop,post-teen pop,0.726,0.787,4,-2.494,1,0.0738,0.009,0.0,0.0596,0.888,124.989,199987,post teen pop,1.084020545426246,0.01143581774356068,98.366343
2ihCaVdNZmnHZWt0fvAM7B,Little Talks,Of Monsters and Men,75,4p9dVvZDaZliSjTCbFRhJy,My Head Is An Animal,2012-01-01,post teen pop,6rjxP7GQKoqqgoakzxl3PY,pop,post-teen pop,0.446,0.757,1,-5.177,1,0.0322,0.0206,0.0,0.146,0.421,102.88,266600,post teen pop,1.697305611422396,0.027212645690032112,77.88016
7hFFPcCgh0IAW2lQSm8qyg,Can We Dance,The Vamps,0,2NcpQiy0oFEJyabqw7BtvM,Can We Dance,2013-09-29,🤩🤪Post Teen Pop🤪🤩,6IT8LGpwLw3Pt2XnVUBN7j,pop,post-teen pop,0.644,0.848,1,-3.676,0,0.0477,0.00231,0.0,0.4,0.586,130.156,191402,post teen pop,1.3167681416643762,0.002724053391446472,110.372288
0AkQbXGN4KG34TS7xLrM68,Kiss You,One Direction,72,5SxEsi1PNyo1XfEKDYcFKF,Take Me Home: Yearbook Edition,2012-11-09,🤩🤪Post Teen Pop🤪🤩,6IT8LGpwLw3Pt2XnVUBN7j,pop,post-teen pop,0.63,0.934,4,-2.559,1,0.0589,0.0186,0.0,0.324,0.905,89.992,182960,post teen pop,1.4825373293058266,0.01991432557352722,84.05252800000001
6Z0F3Mqj7tq1CBZo5qMlUg,"The Best of Both Worlds - From ""Hannah Montana""/Soundtrack Version",Hannah Montana,58,0TyDqWrWHzuyFjjnKqDClu,Hannah Montana,2006-01-01,🤩🤪Post Teen Pop🤪🤩,6IT8LGpwLw3Pt2XnVUBN7j,pop,post-teen pop,0.676,0.861,1,-3.645,1,0.0501,0.0512,0.0,0.0613,0.681,124.031,174120,post teen pop,1.2736667549308358,0.05946566844870099,106.79069100000001
6habFhsOp2NvshLv26DqMb,Despacito,Luis Fonsi,79,5C0YLr4OoRGFDaqdMQmkeH,VIDA,2019-02-01,post teen pop,6rjxP7GQKoqqgoakzxl3PY,pop,post-teen pop,0.655,0.797,2,-4.787,1,0.153,0.198,0.0,0.067,0.839,177.928,229360,post teen pop,1.216792035432007,0.2484313068615974,141.808616
4HlFJV71xXKIGcU3kRyttv,"Hey, Soul Sister",Train,82,1CwXS6MAz8Wo7K4TzW9iuR,"Save Me, San Francisco (Golden Gate Edition)",2010-12-01,post teen pop,2ltt5ouiEO301o2jbxn30d,pop,post-teen pop,0.673,0.886,1,-4.44,0,0.0431,0.185,0.0,0.0826,0.795,97.012,216773,post teen pop,1.3164913573679682,0.20880337606842428,85.95263200000001
2dLLR6qlu5UJ5gk0dKz0h3,Royals,Lorde,78,0rmhjUgoVa17LZuS8xWQ3v,Pure Heroine,2013-01-01,post teen pop,2ltt5ouiEO301o2jbxn30d,pop,post-teen pop,0.674,0.428,7,-9.504,1,0.122,0.121,0.0,0.132,0.337,84.878,190185,post teen pop,0.6350138946381384,0.28270961983733683,36.327784
2JQRlt3HpTCpRvcfDsbwic,This Is Me,Demi Lovato,50,2UFGffYhwvhVGzXYldlpZk,Camp Rock OST,2008-01-01,Post teen pop,7jQHOrErpLMStcUUSavQWR,pop,post-teen pop,0.497,0.822,1,-2.863,1,0.0399,0.011,0.0,0.0947,0.58,90.992,189173,post teen pop,1.6539202134402144,0.013381978854040324,74.795424
6jyXQ8HGI7ikECGA0670uo,"Fabulous - From ""High School Musical 2""/Soundtrack Version",Sharpay Evans,58,04Xde0FJSo4LVQ1GE36t49,High School Musical 2,2007-01-01,post teen pop,45AKTTGQEfYgAyidW5hucn,pop,post-teen pop,0.827,0.761,8,-5.185,1,0.138,0.233,0.0,0.0453,0.703,131.996,180693,post teen pop,0.9201923576875966,0.30617568176651544,100.44895600000001
7Hjr124CfhS8HYAHJitVO4,Fire,"Matthew ""Mdot"" Finley",40,0w57XnlENgJWxQmK2iiKKa,Camp Rock 2: The Final Jam,2010-01-01,Post teen pop,7jQHOrErpLMStcUUSavQWR,pop,post-teen pop,0.71,0.946,8,-4.431,0,0.078,0.123,0.0,0.203,0.681,120.089,182227,post teen pop,1.3323924895880428,0.13002100420612664,113.60419399999999
1ChPiAIS5RGNUQY4ohyfXG,God is a woman,Ariana Grande,46,5KOu62BJwwCJTfyyAaEbZk,Sweetener,2018-08-17,Post Teen Pop,2Aud8PXoTGcyY5esHu4Aaz,pop,post-teen pop,0.602,0.658,1,-5.947,1,0.055,0.0233,5.78e-05,0.229,0.28,145.084,197547,post teen pop,1.0930214401637206,0.03541028053148855,95.46527200000001
48qKqo6HgIG8VLN4CpYb37,Magic,Selena Gomez,47,0KtS4pLIAdZ1An17zMdjbz,Wizards Of Waverly Place,2009-01-01,Post teen pop,7jQHOrErpLMStcUUSavQWR,pop,post-teen pop,0.602,0.922,11,-3.061,0,0.0386,0.00632,0.0,0.284,0.396,104.101,169733,post teen pop,1.5315589176762165,0.006854656339852125,95.981122
4Oz9NAlujs00kYGL4WTUNw,Smile,R5,49,1WqEP2K5Q0Vei7AVXb8Z1l,Sometime Last Night (Special Edition),2015-01-01,post teen pop,2ltt5ouiEO301o2jbxn30d,pop,post-teen pop,0.61,0.789,1,-5.485,0,0.0378,0.00221,0.0,0.122,0.57,92.021,201533,post teen pop,1.2934405025565532,0.0028010103916218105,72.604569
0KKkJNfGyhkQ5aFogxQAPU,That's What I Like,Bruno Mars,82,4PgleR09JVnm3zY1fW3XBA,24K Magic,2016-11-17,Post Teen Pop,2Aud8PXoTGcyY5esHu4Aaz,pop,post-teen pop,0.853,0.56,1,-4.961,1,0.0406,0.013,0.0,0.0944,0.86,134.066,206693,post teen pop,0.6565056781879506,0.023214244260278103,75.07696000000001
2BWWsCwuHAZFE1scLyP6Qe,Somebody To You,The Vamps,64,3XDvXyhPzaPRpGoEjoQI8P,Meet The Vamps,2014-11-04,🤩🤪Post Teen Pop🤪🤩,6IT8LGpwLw3Pt2XnVUBN7j,pop,post-teen pop,0.559,0.849,3,-4.676,1,0.0454,0.0854,0.0,0.328,0.759,86.978,182827,post teen pop,1.5187808250790247,0.10058880967160228,73.84432199999999
2y8rZoB5iJBt233kASCihn,Introducing Me,Nick Jonas,49,0w57XnlENgJWxQmK2iiKKa,Camp Rock 2: The Final Jam,2010-01-01,Post teen pop,7jQHOrErpLMStcUUSavQWR,pop,post-teen pop,0.509,0.495,11,-6.073,1,0.0515,0.491,0.0,0.0773,0.684,112.893,187627,post teen pop,0.9724931778130101,0.9919171880460848,55.882035
1P17dC1amhFzptugyAO7Il,Look What You Made Me Do,Taylor Swift,68,6DEjYFkNZh67HP7R9PSZvv,reputation,2017-11-10,post teen pop,3kvwJXPULhSUalL6ykJbn5,pop,post-teen pop,0.766,0.709,9,-6.471,0,0.123,0.204,1.41e-05,0.126,0.506,128.07,211853,post teen pop,0.9255862590257714,0.28772879022737624,90.80162999999999
5hK2Ks25jW6aMmUAHpAN3F,Falling for Ya,Grace Phipps,59,5ANe5AfOnYydm3lXELfiHF,Teen Beach Movie,2013-01-01,post teen pop,45AKTTGQEfYgAyidW5hucn,pop,post-teen pop,0.8,0.882,11,-4.436,0,0.0419,0.0216,0.503,0.0247,0.964,129.94,192800,post teen pop,1.1024986218767225,0.024489768152190304,114.60708
3DamFFqW32WihKkTVlwTYQ,Fireflies,Owl City,78,3vf65wfk1EEjVhy6BjENsS,Ocean Eyes,2009-01-01,post teen pop,2ltt5ouiEO301o2jbxn30d,pop,post-teen pop,0.513,0.661,3,-6.8,1,0.0439,0.0274,0.0,0.118,0.461,180.118,228347,post teen pop,1.2884965136520201,0.0414522822204505,119.057998
1UtGcsbiqHtzxaTe3OgvlG,Not A Love Song,Austin Moon,52,5YQqNHp9aG12LrEX978LQC,Austin & Ally,2012-01-01,post teen pop,45AKTTGQEfYgAyidW5hucn,pop,post-teen pop,0.534,0.797,2,-5.444,1,0.145,0.00216,0.0,0.0575,0.72,179.981,182107,post teen pop,1.4925065683397596,0.0027101597112174263,143.444857
6DswnRwL3rihiXeTGYPZ2m,Make You Believe,Lucy Hale,0,05FEqcNVx11mFxN8Pf96WM,A Cinderella Story: Once Upon A Song - Original Motion Picture Soundtrack,2011-09-06,🤩🤪Post Teen Pop🤪🤩,6IT8LGpwLw3Pt2XnVUBN7j,pop,post-teen pop,0.732,0.837,8,-3.329,0,0.0615,0.0178,0.0,0.178,0.883,124.982,211667,post teen pop,1.1434410608728676,0.021266402310152557,104.609934
7xapw9Oy21WpfEcib2ErSA,Mistletoe,Justin Bieber,84,63MKT9hwmiMFFdFp5SdB1p,Under The Mistletoe (Deluxe Edition),2011-01-01,post teen pop,6rjxP7GQKoqqgoakzxl3PY,pop,post-teen pop,0.658,0.56,6,-9.049,0,0.0467,0.498,0.0,0.0794,0.854,161.994,182947,post teen pop,0.8510625363791241,0.8892841262783457,90.71664000000001
1rM0CnyUiiw6A9CHJRXjZA,Chillin' Like a Villain,Sofia Carson,65,4Rk63Jz61wwbmQru0PdltI,Descendants 2 (Original TV Movie Soundtrack),2017-07-21,Post teen pop,7jQHOrErpLMStcUUSavQWR,pop,post-teen pop,0.697,0.775,8,-6.664,1,0.0829,0.0318,0.0,0.232,0.827,113.886,193792,post teen pop,1.111906582630441,0.04103220511973533,88.26165
3DmW6y7wTEYHJZlLo1r6XJ,Shower,Becky G,74,4JlzEvVJqpb62Xwc0EmOHr,Shower,2014-04-23,🤩🤪Post Teen Pop🤪🤩,6IT8LGpwLw3Pt2XnVUBN7j,pop,post-teen pop,0.699,0.529,2,-7.548,1,0.0487,0.0317,3.59e-05,0.285,0.121,119.987,206167,post teen pop,0.7567943393500153,0.05992427235487267,63.473123
0xxfzwOmUyh7MFcBC1xFoY,The Trill Connection,DJ DMD,11,4rI0SuqUvuPKCC9TVnuntn,Twenty-Two : P.A. World Wide,1998-01-01,Southern Hip Hop,3R5c1OfJY7Rzl3p28pzGtL,rap,southern hip hop,0.809,0.782,7,-5.422,1,0.24,0.0225,1.66e-05,0.186,0.69,153.806,253627,southern hip hop,0.9666242686968248,0.028772341723348176,120.27629200000001
074v54tSEWLbq3Hu5wf6uh,The Whole World (feat. Killer Mike),OutKast,49,5OJKj1KGQEM1pnHtuvY0It,"Big Boi & Dre Present, Outkast",2001-10-04,Southern Hip Hop,3R5c1OfJY7Rzl3p28pzGtL,rap,southern hip hop,0.815,0.852,2,-6.176,1,0.401,0.0958,1.32e-06,0.0288,0.717,184.666,295347,southern hip hop,1.0453974903098278,0.11244118258077161,157.335432
44yaNjr9eyZsNsg3R9Arzv,No Mo Play In GA,Pastor Troy,6,5QiBBLASlvukL6fYHVs3qX,Greatest Hits vol. 1,2011-03-22,Southern Hip Hop,57sYMLFXGD4ZqizzcMD7lz,rap,southern hip hop,0.8,0.903,1,-4.576,1,0.204,0.00987,0.0,0.116,0.939,146.099,278773,southern hip hop,1.1287485890642637,0.010930220453797946,131.92739699999998
0TBuySbBzGo4Jgc410MvJp,Who Want It,David Banner,30,3Rdf6EFR90LuwLXkBWxLvm,The God Box,2017-05-19,Southern Hip Hop,4lcyWQDOzPfcbZrcBI3FOW,rap,southern hip hop,0.456,0.929,2,-4.576,1,0.453,0.0415,0.0,0.121,0.393,168.114,236373,southern hip hop,2.0372762340433463,0.0446716419035071,156.177906
3WibbMr6canxRJXhNtAvLU,B.O.B.,OutKast,61,2tm3Ht61kqqRZtIYsBjxEj,Stankonia,2000-10-31,Southern Hip Hop,4lcyWQDOzPfcbZrcBI3FOW,rap,southern hip hop,0.746,0.978,9,-5.324,1,0.0978,0.0555,4.02e-05,0.026,0.652,153.897,304227,southern hip hop,1.3109901997450404,0.05674840823271142,150.51126599999998
0NrK4sqr5wcvgSIaYcxSID,Rider,Future,32,56P7aZkTGJGsYGe0DH7mqA,Astronaut Status,2012-01-17,Southern Hip Hop,57sYMLFXGD4ZqizzcMD7lz,rap,southern hip hop,0.641,0.679,5,-6.94,1,0.118,0.00433,1.18e-06,0.216,0.339,125.04,235493,southern hip hop,1.0592807187508289,0.006377015645043231,84.90216000000001
5T8xLLlhAI90EV5cOkm0np,Thug Money,Trick Daddy,5,4lFOtPxZHje3xZKFVfFPVE,In Too Deep - Music From The Dimension Motion Picture,1999-08-16,Southern Hip Hop,3R5c1OfJY7Rzl3p28pzGtL,rap,southern hip hop,0.73,0.573,1,-10.496,1,0.146,0.329,3.8e-06,0.194,0.819,158.973,269227,southern hip hop,0.7849304316021484,0.5741700276264788,91.091529
4NeOWqHmlrGRuBvsLJC9rL,My Love (feat. T.I.),Justin Timberlake,70,0tcExuDWMQdBbwSpqN8Ku2,FutureSex/LoveSounds Deluxe Edition,2006-09-13,Southern Hip Hop,57sYMLFXGD4ZqizzcMD7lz,rap,southern hip hop,0.772,0.68,11,-5.881,0,0.224,0.277,1.17e-05,0.682,0.807,119.953,276160,southern hip hop,0.880827874575292,0.40735234212890864,81.56804000000001
6E9GnwBQUPcTCzfGryhhFB,Nappy Roots Day,Nappy Roots,21,23DAOhh4SfTvagiLwYUbLA,Wooden Leather (Edited Version),2003-08-21,Southern Hip Hop,4lcyWQDOzPfcbZrcBI3FOW,rap,southern hip hop,0.793,0.793,4,-6.419,1,0.269,0.072,0.0,0.109,0.642,150.686,244987,southern hip hop,0.9999987389675422,0.09079433695543888,119.493998
2q42avQSJpPs2T1XZ84g3j,Flossin' Season,Juvenile,31,6wpqS71CJr3I0dLguYiZdJ,400 Degreez,1998-01-01,Southern Hip Hop,3R5c1OfJY7Rzl3p28pzGtL,rap,southern hip hop,0.836,0.757,10,-7.914,0,0.244,0.155,0.0,0.211,0.722,93.004,273252,southern hip hop,0.9055013092089603,0.2047553437842222,70.40402800000001
3T790QTg0ebUUk5tCRbtbN,Crumblin' Erb,OutKast,51,3l5AwLKqQ42VJbc5lTuP8G,Southernplayalisticadillacmuzik,1994-04-26,Southern Hip Hop,4lcyWQDOzPfcbZrcBI3FOW,rap,southern hip hop,0.802,0.593,7,-9.72,1,0.267,0.0782,0.0,0.282,0.55,89.66,309867,southern hip hop,0.7394005743134983,0.1318716157308335,53.16837999999999
39pS70eeDvyCAF3t8NAlVV,Good Drank,2 Chainz,63,5vvvo79z68vWj9yimoygfS,Pretty Girls Like Trap Music,2017-06-16,Southern Hip Hop,57sYMLFXGD4ZqizzcMD7lz,rap,southern hip hop,0.836,0.776,4,-0.804,0,0.239,0.274,0.0,0.113,0.37,130.033,222707,southern hip hop,0.9282285547505327,0.3530923284892674,100.90560799999999
4sjzqWBQ1gdsi7TGo7brjX,Phat Rabbit,Ludacris,13,2kT80DHqRtHQzDhQ2RCoIV,Back For The First Time,2000-01-01,Southern Hip Hop,4lcyWQDOzPfcbZrcBI3FOW,rap,southern hip hop,0.816,0.818,9,-6.314,1,0.184,0.217,0.0,0.138,0.766,143.07,299827,southern hip hop,1.002449751899814,0.2652808492899153,117.03125999999999
5tlrEiYWEl0fsa6OFoV5EI,25 Lighters,DJ DMD,4,0tOOSfFhdnK2nek5l6hp5c,Twenty-Two P.A. (Clean Version),1998,Southern Hip Hop,3R5c1OfJY7Rzl3p28pzGtL,rap,southern hip hop,0.826,0.638,1,-6.371,0,0.258,0.00564,0.0,0.414,0.699,167.848,288853,southern hip hop,0.7723961593266837,0.008840111535875335,107.08702400000001
6KqHJ5Wui99h0tgmOnmmz4,Gossip,Big Boi,9,40qvYxSmDmWgk5kU1mPSqx,Gossip,2012-01-01,Southern Hip Hop,4lcyWQDOzPfcbZrcBI3FOW,rap,southern hip hop,0.835,0.747,4,-6.139,0,0.323,0.0478,0.0,0.366,0.628,86.978,218787,southern hip hop,0.894609707054243,0.06398920483372847,64.972566
6EQ4orawx8eo0aXH0pOKLE,Skew It on the Bar-B,OutKast,48,5ceB3rxgXqIRpsOvVzTG28,Aquemini,1998-09-29,Southern Hip Hop,4lcyWQDOzPfcbZrcBI3FOW,rap,southern hip hop,0.93,0.815,2,-4.801,1,0.295,0.221,4.09e-06,0.0584,0.528,107.645,195107,southern hip hop,0.8763431437170497,0.27116531145360556,87.73067499999999
4GdB5M7GbwLZLouktYocFC,SpottieOttieDopaliscious,OutKast,60,5ceB3rxgXqIRpsOvVzTG28,Aquemini,1998-09-29,Southern Hip Hop,4lcyWQDOzPfcbZrcBI3FOW,rap,southern hip hop,0.824,0.656,1,-6.571,1,0.224,0.0026,0.00251,0.144,0.707,125.006,426853,southern hip hop,0.7961155386947346,0.00396340859236495,82.00393600000001
4LwOrnuxJwR7C5Sw4liY4Z,What's Your Fantasy (Featuring Shawna),Ludacris,63,2kT80DHqRtHQzDhQ2RCoIV,Back For The First Time,2000-01-01,Southern Hip Hop,4lcyWQDOzPfcbZrcBI3FOW,rap,southern hip hop,0.915,0.79,6,-3.186,0,0.207,0.16,0.0,0.112,0.967,140.095,275907,southern hip hop,0.863387034549689,0.20253138920077315,110.67505
3EXNWHiB6W70p1xCooJBnR,Now I Feel Ya,Scarface,33,5wmfZWzWjS1UARhcZSirf4,Greatest Hits,2010-01-01,Southern Hip Hop,4lcyWQDOzPfcbZrcBI3FOW,rap,southern hip hop,0.798,0.549,11,-10.072,0,0.247,0.0347,0.00458,0.354,0.566,78.908,452836,southern hip hop,0.6879690626954101,0.0632057136507948,43.320492
0Jic1enFHt5xG7E1nHdeYn,This Is The Carter,Lil Wayne,45,5POcKy926GgzFHZpGptJac,Tha Carter,2004-01-01,Southern Hip Hop,4lcyWQDOzPfcbZrcBI3FOW,rap,southern hip hop,0.844,0.854,7,-3.694,0,0.265,0.17,0.0,0.092,0.777,95.081,276040,southern hip hop,1.0118471423612057,0.19906299875527078,81.199174
7jaimA2nEU2Gtzg1WWwXnJ,Havin Thangs,Big Mike,34,3huqsj2zWgtPUyktVpiKTz,Somethin' Serious,1994,Southern Hip Hop,3R5c1OfJY7Rzl3p28pzGtL,rap,southern hip hop,0.657,0.523,11,-12.62,0,0.272,0.0316,1.53e-06,0.0461,0.512,155.847,288893,southern hip hop,0.7960414063296707,0.06042053456876755,81.507981
1Epb6Kfe3GTgKrrWs1Y4Wy,Badd,Mike Jones,54,0tkYbxsTPQ5kTVdrvj4S3f,United States Of Atlanta,2005-06-28,Southern Hip Hop,4lcyWQDOzPfcbZrcBI3FOW,rap,southern hip hop,0.585,0.697,1,-6.126,0,0.357,0.0339,0.0,0.255,0.402,133.177,225187,southern hip hop,1.1914509547846925,0.048636946001512193,92.82436899999999
720dTtTyYAD9TKSAd9lwrt,Jimmy Mathis,Bubba Sparxxx,32,1Su7jQECJV3scrqYw55XvD,Deliverance,2003-01-01,Southern Hip Hop,4lcyWQDOzPfcbZrcBI3FOW,rap,southern hip hop,0.773,0.79,11,-5.187,0,0.257,0.369,0.0302,0.461,0.85,101.865,189400,southern hip hop,1.0219909159237828,0.46708801634428304,80.47335
2q8lHMMso6wx6pb5uwqzOs,Two Dope Boyz (In a Cadillac),OutKast,50,1IaBCF26OjgYwUCEPaIyC0,ATLiens,1996-08-27,Southern Hip Hop,3R5c1OfJY7Rzl3p28pzGtL,rap,southern hip hop,0.809,0.718,7,-4.398,1,0.287,0.0127,0.0,0.062,0.495,93.031,162000,southern hip hop,0.8875143541231716,0.017687997649028342,66.796258
2qw63SLgNzQhEUwyVfnSvv,Yeen Hard,T-Rock,1,2EZV7CjpxJ2QJbxmJwa1FF,The Myth of Reality: Tenth Anniversary Edition,2012-10-30,Southern Hip Hop,57sYMLFXGD4ZqizzcMD7lz,rap,southern hip hop,0.677,0.582,7,-8.628,1,0.151,0.00893,0.0,0.0861,0.513,170.026,272048,southern hip hop,0.8596737670993099,0.015343616248082049,98.955132
7JG411Bqg3I54wvm7QYwxB,Shinin',DJ DMD,13,4rI0SuqUvuPKCC9TVnuntn,Twenty-Two : P.A. World Wide,1998-01-01,Southern Hip Hop,3R5c1OfJY7Rzl3p28pzGtL,rap,southern hip hop,0.772,0.663,11,-6.683,0,0.145,0.0189,0.0,0.33,0.637,84.18,289707,southern hip hop,0.8588071777109096,0.028506744333718952,55.81134000000001
6p2BLkl2KM6jlpN85Sks93,Thick (feat. 2 Chainz),O.T. Genasis,50,0akShXmR5uxmQZaLg4AAac,Coke N Butter,2016-11-11,Southern Hip Hop,57sYMLFXGD4ZqizzcMD7lz,rap,southern hip hop,0.838,0.798,9,-4.938,1,0.0831,0.00749,0.0,0.0433,0.585,155.968,210216,southern hip hop,0.9522661667468177,0.009385953150434648,124.462464
0Gta6gzv6z2lMKwlnZj3R2,Rubber Band Man - Explicit + Buster Skit,T.I.,0,3I16wXzIVlaeb8ulHTxCXd,Trap Muzik,2003-08-19,Southern Hip Hop,4lcyWQDOzPfcbZrcBI3FOW,rap,southern hip hop,0.601,0.768,8,-5.712,1,0.386,0.141,0.0,0.482,0.634,152.45,347507,southern hip hop,1.2778680900697337,0.18359351094594925,117.0816
2boJnT3S2aSBagFEUTXrfx,Get Your Roll On,Big Tymers,1,53uw5Li72N0nA9H2BpVo6c,10 Years Of Bling Vol. 1,2007-01-01,Southern Hip Hop,4lcyWQDOzPfcbZrcBI3FOW,rap,southern hip hop,0.849,0.812,7,-5.005,1,0.111,0.0111,0.0017,0.109,0.454,88.93,245200,southern hip hop,0.9564181903201529,0.013669933904022285,72.21116
7u6aTzXw1JtiK5sr7XctFs,Bring Em Out,T.I.,6,4hOTRlVLwjVtOrp9C5MX3E,Urban Legend,2004-11-29,Southern Hip Hop,4lcyWQDOzPfcbZrcBI3FOW,rap,southern hip hop,0.759,0.891,11,-2.983,1,0.257,0.0298,0.0,0.141,0.587,98.579,216707,southern hip hop,1.1739114968227973,0.03344552924183025,87.833889
0EHR9OObFtjlhQB8wSt1m7,Mrs. Officer,Lil Wayne,69,5BGzOpea6At0Nd7tYtYZOP,Tha Carter III,2008-01-01,Southern Hip Hop,4lcyWQDOzPfcbZrcBI3FOW,rap,southern hip hop,0.92,0.553,6,-5.068,1,0.189,0.237,0.0,0.0767,0.947,112.021,286907,southern hip hop,0.6010863031670618,0.4285706535792882,61.947613000000004
77sL9aTrzWzv7uyTgMZYb3,For All My Ladies,Trick Daddy,16,2oJxBPqylFpSb60hOJ4DcH,THUGS ARE US,2001-03-20,Southern Hip Hop,3R5c1OfJY7Rzl3p28pzGtL,rap,southern hip hop,0.859,0.771,1,-6.221,0,0.128,0.0502,2.24e-06,0.165,0.725,125.023,203533,southern hip hop,0.8975542519740956,0.0651101619842257,96.39273299999999
56hvN4r1qI7kDW9cw1lVov,Hay,Crucial Conflict,42,1R5AaySMUzB0lmuwQ49YJO,The Final Tic,1996-01-01,Southern Hip Hop,4lcyWQDOzPfcbZrcBI3FOW,rap,southern hip hop,0.749,0.733,11,-9.163,0,0.0611,0.0302,0.0,0.151,0.897,139.935,260240,southern hip hop,0.9786368776543689,0.041200489494557305,102.572355
0bdabO15YOj0iZPg2OujAw,Let The Beat Build,Lil Wayne,56,5BGzOpea6At0Nd7tYtYZOP,Tha Carter III,2008-01-01,Southern Hip Hop,4lcyWQDOzPfcbZrcBI3FOW,rap,southern hip hop,0.493,0.527,8,-8.128,1,0.247,0.144,3.52e-06,0.38,0.886,154.053,309000,southern hip hop,1.0689633489587242,0.273244263293618,81.185931
22F01qwlQDpxjPN8UQFz8n,Po' Folks (feat. Anthony Hamilton),Nappy Roots,48,0bBs62WaX2oJOq2W35BDis,"Watermelon, Chicken & Gritz",2002-02-26,Southern Hip Hop,4lcyWQDOzPfcbZrcBI3FOW,rap,southern hip hop,0.854,0.847,2,-3.03,1,0.258,0.212,0.0,0.0894,0.651,86.062,255227,southern hip hop,0.9918021173277314,0.25029486387855504,72.894514
5krOROgmf8adn3SJzeKLZy,Back Then,Mike Jones,58,1YU3MPIMY9rZOE899khVj2,Who Is Mike Jones?,2005-04-19,Southern Hip Hop,4lcyWQDOzPfcbZrcBI3FOW,rap,southern hip hop,0.776,0.736,9,-6.308,1,0.255,0.0101,0.0,0.18,0.536,159.838,244187,southern hip hop,0.9484523860149664,0.013722807441837714,117.640768
7qFxSPDUDMQNGBqTvK4aEj,I Luv It,Jeezy,55,4slt7bfeNHSJUOMVtuIdxP,The Inspiration,2006-01-01,Southern Hip Hop,4lcyWQDOzPfcbZrcBI3FOW,rap,southern hip hop,0.642,0.765,9,-6.626,1,0.0382,0.000975,0.0,0.387,0.19,91.015,240613,southern hip hop,1.1915869289923224,0.0012745081378978589,69.626475
37RC87Ce8jeeKmnpYNExhP,Awnaw - All Hooks up Version,Nappy Roots,49,0bBs62WaX2oJOq2W35BDis,"Watermelon, Chicken & Gritz",2002-02-26,Southern Hip Hop,4lcyWQDOzPfcbZrcBI3FOW,rap,southern hip hop,0.721,0.678,7,-3.703,1,0.258,0.00521,0.0,0.153,0.712,160.023,241373,southern hip hop,0.9403593060203801,0.007684354447854796,108.49559400000001
6Y6f7LSvHxUA61ItYiSMKE,Money On My Mind,Lil Wayne,51,7slHgsEMuJfnuft5LAPyw6,Tha Carter II,2005-01-01,Southern Hip Hop,57sYMLFXGD4ZqizzcMD7lz,rap,southern hip hop,0.536,0.771,1,-6.503,0,0.369,0.0126,0.0,0.11,0.66,152.174,271573,southern hip hop,1.4384301521825518,0.016342391255004855,117.326154
5YwXPMiMoCfGkrIgaJQkij,Street Law,Pastor Troy,3,5QiBBLASlvukL6fYHVs3qX,Greatest Hits vol. 1,2011-03-22,Southern Hip Hop,57sYMLFXGD4ZqizzcMD7lz,rap,southern hip hop,0.796,0.825,6,-7.075,1,0.232,0.00159,0.00891,0.398,0.33,150.062,210987,southern hip hop,1.0364308587552025,0.0019272703911874048,123.80115
5SUXv9ocVrA47eHc4IvkeQ,Ride Wit Me,T.I.,0,6g015VCIuTF7FAAGvC98HO,King,2006-03-27,Southern Hip Hop,4lcyWQDOzPfcbZrcBI3FOW,rap,southern hip hop,0.754,0.6,5,-4.582,0,0.253,0.233,0.0,0.437,0.778,156.932,244533,southern hip hop,0.7957549127918928,0.38833268611218985,94.15919999999998
563vSy3HB5NHxel1VGQCW6,Still Fly,Big Tymers,60,3qcWuKB3pGWcB07FWksnWr,Hood Rich,2002-01-01,Southern Hip Hop,4lcyWQDOzPfcbZrcBI3FOW,rap,southern hip hop,0.675,0.607,11,-3.538,1,0.161,0.0302,8.67e-06,0.339,0.56,177.928,335613,southern hip hop,0.8992579270252932,0.049752801066225594,108.002296
5zd9TgduWbfFXwgnm3K3Rz,Poppin' My Collar - feat. Project Pat - Explicit,Three 6 Mafia,55,0Pe9KCcaFK7CkeZPWXCuaB,Most Known Unknown (New Package-Explicit),2006-06-20,Southern Hip Hop,4lcyWQDOzPfcbZrcBI3FOW,rap,southern hip hop,0.729,0.795,7,-4.579,1,0.144,0.354,0.0,0.536,0.856,146.747,176880,southern hip hop,1.090533483493164,0.44528245876420275,116.66386500000002
7Lf7oSEVdzZqTA0kEDSlS5,Cry Me a River,Justin Timberlake,74,6QPkyl04rXwTGlGlcYaRoW,Justified,2002-11-04,Southern Hip Hop,57sYMLFXGD4ZqizzcMD7lz,rap,southern hip hop,0.624,0.653,8,-6.582,0,0.176,0.575,0.0,0.104,0.565,73.884,288333,southern hip hop,1.0464726819348047,0.880549953215998,48.246252000000005
0HaAoQJ1PgF0gIm1o6JYIM,Where Them Niggaz At?,Pastor Troy,9,5almm5i3TH8NFWo1M1iEJ1,Face Off Part II,2005-03-01,Southern Hip Hop,57sYMLFXGD4ZqizzcMD7lz,rap,southern hip hop,0.809,0.866,6,-5.221,0,0.254,0.00672,0.0,0.12,0.558,142.102,213053,southern hip hop,1.0704560315747444,0.007759806281978889,123.060332
57KCUxlvVWtnz3qGnxNna2,85/Billy Dee Interlude,Youngbloodz,21,5sPFD4RDETXKqmCsGQF8Wk,The Best Of YoungBloodZ: Still Grippin' Tha Grain,2006-11-21,Southern Hip Hop,4lcyWQDOzPfcbZrcBI3FOW,rap,southern hip hop,0.806,0.6,7,-7.454,1,0.365,0.0288,8.35e-06,0.619,0.727,82.147,269840,southern hip hop,0.7444159498561416,0.04799992000013333,49.2882
6wCbHb0QEEdka3ymfImn4l,Tha Block Is Hot,Lil Wayne,42,75s3OxagI6DX8OKLKymPLN,Tha Block Is Hot,1999-01-01,Southern Hip Hop,4lcyWQDOzPfcbZrcBI3FOW,rap,southern hip hop,0.708,0.941,7,-5.132,1,0.119,0.196,0.00283,0.0402,0.934,174.041,252733,southern hip hop,1.3290941679460904,0.20828883284927435,163.77258099999997
7dpFJmdFiahlgzzEmgUwoN,Virginia,Clipse,38,1Q83nQO2QG81TVa10hW7LX,Lord Willin',2002-04-01,Southern Hip Hop,4lcyWQDOzPfcbZrcBI3FOW,rap,southern hip hop,0.643,0.878,11,-2.729,0,0.341,0.0589,0.0,0.626,0.613,159.709,237440,southern hip hop,1.3654722154397894,0.06708420605443502,140.224502
2KjKMrjCqNtqOiMVGgENxS,I Do,Jeezy,28,38evapn4UD8Qc7Esqj1Rfk,TM:103 Hustlerz Ambition,2011-01-01,Southern Hip Hop,4lcyWQDOzPfcbZrcBI3FOW,rap,southern hip hop,0.599,0.815,8,-7.638,0,0.337,0.125,0.0,0.0877,0.623,72.437,311640,southern hip hop,1.360598730219148,0.15337404493982215,59.036154999999994
0IEvbpIyDb26zwhnFGzuLb,Somethin Serious,Big Mike,22,3huqsj2zWgtPUyktVpiKTz,Somethin' Serious,1994,Southern Hip Hop,3R5c1OfJY7Rzl3p28pzGtL,rap,southern hip hop,0.877,0.694,6,-10.506,1,0.18,0.132,1.03e-05,0.0742,0.771,97.92,225600,southern hip hop,0.791333191182222,0.1902014550411311,67.95648
4V3N5LvUOh3yDPP16cwAhE,Aquemini,OutKast,56,5ceB3rxgXqIRpsOvVzTG28,Aquemini,1998-09-29,Southern Hip Hop,4lcyWQDOzPfcbZrcBI3FOW,rap,southern hip hop,0.722,0.661,1,-5.711,0,0.373,0.245,0.0,0.176,0.156,89.294,319240,southern hip hop,0.9155111973529123,0.37064996875950257,59.023334
2VsIWeVLvZfWGpB1yOPXun,Small Time,Lil' Troy,18,2czjXveZPf9X2dutQGlh2r,Sittin' Fat Down South,1998,Southern Hip Hop,3R5c1OfJY7Rzl3p28pzGtL,rap,southern hip hop,0.742,0.769,7,-7.502,1,0.236,0.00452,8.95e-06,0.328,0.621,92.178,229307,southern hip hop,1.0363867434140925,0.005877755685623295,70.884882
7CotyU8EcChJlqOFnxPPmI,Can't Hide,Whethan,59,7mtjKxnZh0ISlfYa149pTW,Can't Hide feat. Ashe,2016-08-12,Trap Nation 🔊,5aPwKjwNHr6dnCejLcPTVx,rap,trap,0.61,0.69,2,-2.656,0,0.091,0.0429,6.76e-05,0.166,0.318,179.944,184000,trap nation,1.1311456866464151,0.0621738229364885,124.16135999999999
4NZg8df9BxJ6spPDnr6Z9T,Rollup - Baauer Remix,Flosstradamus,0,1pLo9QTyw1PgVaLbJNomPh,Ultra Trap,2013-05-31,Trap Nation 🔊,5aPwKjwNHr6dnCejLcPTVx,rap,trap,0.602,0.97,8,-3.164,1,0.313,0.208,0.481,0.702,0.736,165.111,191053,trap nation,1.6112930044966702,0.2144327686260117,160.15767
12mGwph2YzDIlChtq3EdXP,Alone,Marshmello,20,2v4Crisjd4sT782Jvn7ISC,Alone,2016-05-13,Trap Nation 🔊,5aPwKjwNHr6dnCejLcPTVx,rap,trap,0.636,0.953,2,-3.74,1,0.0353,0.0244,0.0164,0.108,0.397,142.011,273803,trap nation,1.4984253169413253,0.025603330951384104,135.336483
07bCARhk2dH7hpMHd1DUJe,Damage,Outr3ach,42,7rI2abCXTc4I89TEVtIOUU,Damage,2019-11-15,Trap Nation,0NCspsyf0OS4BsPgGhkQXM,rap,trap,0.601,0.557,0,-6.409,1,0.0772,0.315,2.33e-06,0.162,0.235,74.986,210000,trap nation,0.9267871434490126,0.5655286076685678,41.767202000000005
7sn0OyaKn1XKx18JjUZkSw,Propaganda,DJ Snake,55,02sEJTj1sye1JaqxqpcSCp,Encore,2016-08-05,Trap Nation 🔊,5aPwKjwNHr6dnCejLcPTVx,rap,trap,0.653,0.928,1,-3.937,1,0.0885,0.00213,0.601,0.649,0.239,150.025,249600,trap nation,1.4211310549294718,0.002295256147353289,139.22320000000002
6JyuJFedEvPmdWQW0PkbGJ,Purple Lamborghini (with Rick Ross),Skrillex,72,3W6iNTF9ajh2btsyxslpCY,Purple Lamborghini (with Rick Ross),2016-07-22,Trap Nation 🔊,5aPwKjwNHr6dnCejLcPTVx,rap,trap,0.457,0.899,10,-2.591,0,0.132,0.0019,0.0,0.831,0.298,147.268,215510,trap nation,1.9671729383524326,0.0021134570484348737,132.393932
2BVUOGciUUUqOPSLtHwLGp,GUD VIBRATIONS,NGHTMRE,63,1ABYsJwhqu0MoN3HVn3tKi,GUD VIBRATIONS,2016-10-26,Trap Nation 🔊,5aPwKjwNHr6dnCejLcPTVx,rap,trap,0.514,0.924,8,-5.417,1,0.052,0.000208,0.805,0.0684,0.0675,151.994,224211,trap nation,1.7976618722531668,0.0002251079814848685,140.442456
6WK7h2WfMmnX7zOZnfzoYo,I Like It - Dillon Francis Remix,Cardi B,59,6oRrfGcUeAwfX1lTdxZFFj,I Like It,2018-06-22,Trap Nation 🔊,5aPwKjwNHr6dnCejLcPTVx,rap,trap,0.731,0.854,5,-4.635,0,0.149,0.00256,1.49e-05,0.386,0.651,150.163,219200,trap nation,1.1682610557304298,0.0029976545694911367,128.239202
15BlympuVSfZFROojEMY2M,Don't Let Me Down - Illenium Remix,The Chainsmokers,64,5yhNY3zM1Vx1oaL3GYTWIZ,Don't Let Me Down (Remixes),2016-05-27,Trap Nation 🔊,5aPwKjwNHr6dnCejLcPTVx,rap,trap,0.428,0.656,11,-3.712,1,0.075,0.0751,0.181,0.15,0.355,79.648,218933,trap nation,1.532706699283413,0.11448153280254145,52.249088
0JITWDB1tVUH2VUXmVtYpL,Sunburn,DROELOE,63,742dpn7EzKscmLaqEkDCNE,Sunburn,2017-08-15,Trap Nation 🔊,5aPwKjwNHr6dnCejLcPTVx,rap,trap,0.693,0.725,0,-7.297,0,0.0321,0.121,0.00278,0.214,0.447,105.961,226981,trap nation,1.0461745365446804,0.16689632152231512,76.821725
3WmVIlqFYl0uUf7rrVLQYv,Heroes (we could be) - Branchez Remix,Alesso,0,0rzWZZ3EYQBxfHyKK9o7Cz,Heroes (we could be) [The Remixes],2014-12-08,Trap Nation 🔊,5aPwKjwNHr6dnCejLcPTVx,rap,trap,0.659,0.483,5,-9.026,1,0.0318,0.517,4.17e-05,0.0903,0.314,122.087,204907,trap nation,0.7329275676364678,1.0703911586104378,58.968021
3NivHilTTTs8SQwp51yG0X,Angst,INZO,53,34yT8o727Ynu63TeOVZcIY,Angst,2019-11-21,Trap Nation,0NCspsyf0OS4BsPgGhkQXM,rap,trap,0.283,0.782,7,-6.243,0,0.122,0.0189,0.0238,0.0994,0.0807,150.306,202400,trap nation,2.7632411192893316,0.02416876704761247,117.53929200000002
12REd1n8PeiHHWOh066tpr,Never Be Like You,Flume,65,3zXR5GOXPq0Uc7tWC9fO3X,Skin,2016-05-27,Trap Nation 🔊,5aPwKjwNHr6dnCejLcPTVx,rap,trap,0.494,0.559,0,-5.445,1,0.0565,0.436,0.0,0.164,0.264,119.247,233337,trap nation,1.1315766567274157,0.7799628265423495,66.659073
0Vc3nfRMdvY5iX6AHVWSMN,It's All on U - T-Mass & LZRD Remix,ILLENIUM,61,2R7PeUrbSseLkirdasHPqg,Ashes (Remixes),2016-12-16,Trap Nation 🔊,5aPwKjwNHr6dnCejLcPTVx,rap,trap,0.536,0.782,7,-4.139,0,0.0485,0.039,3.64e-05,0.0691,0.405,154.93,204778,trap nation,1.4589525019542873,0.04987205898713684,121.15526000000001
28r8mD037GEBPG5a65YdDQ,Keep It 100,Grandtheft,48,70KMAuOp2QgMO5eGlF602w,Keep It 100,2014-06-10,Trap Nation 🔊,5aPwKjwNHr6dnCejLcPTVx,rap,trap,0.623,0.947,1,-3.347,1,0.25,0.00598,0.788,0.279,0.457,164.029,214138,trap nation,1.520061765550938,0.006314671262226756,155.33546299999998
5VXe4JgzaRi49RgFhVFfuQ,911 - Tom Wilson Remix,Ellise,53,3HBy4OVbhMkz9e74NzUYQz,911 (Tom Wilson Remix),2019-12-18,Trap Nation,0NCspsyf0OS4BsPgGhkQXM,rap,trap,0.621,0.87,10,-3.238,0,0.277,0.148,1.38e-06,0.158,0.47,141.996,145638,trap nation,1.4009639275943195,0.17011474699454368,123.53652000000001
2mQ7KmAI8gFLH3baaDXc6o,How Deep Is Your Love - DJ Snake Remix,Calvin Harris,45,1cw6QYNgIoZ4vEPD2lqVYk,How Deep Is Your Love (DJ Snake Remix),2015-08-28,Trap Nation 🔊,5aPwKjwNHr6dnCejLcPTVx,rap,trap,0.616,0.903,9,-0.475,1,0.0938,0.015,0.00102,0.141,0.446,149.93,222400,trap nation,1.4659067111904038,0.016611277285407212,135.38679000000002
44nqAv5AJsgNuMoBkgtl1a,Better Times,Psylla,10,4ZWO5DabDVqJyXvL5yK0vC,Better Times,2020-01-14,Trap Nation,0NCspsyf0OS4BsPgGhkQXM,rap,trap,0.305,0.683,10,-5.9,0,0.105,0.0478,0.867,0.228,0.326,105.028,247017,trap nation,2.2393369202068194,0.06998525624413433,71.73412400000001
7n1940b6kHcaEewFSZXnXa,Better Not (with Wafia),Louis The Child,73,21R2CiMVZH2MY514Sq2DIG,Kids At Play- EP,2018-10-26,Trap Nation 🔊,5aPwKjwNHr6dnCejLcPTVx,rap,trap,0.783,0.537,9,-2.921,1,0.0795,0.278,0.0,0.229,0.393,113.988,222866,trap nation,0.6858228788979835,0.5176899111919717,61.211556
39f1irYFzZL2QKcHFe2zFY,Planet Earth,Jinco,49,21LRqo3pTdsXXDD5eDQzPa,Planet Earth,2019-11-15,Trap Nation,0NCspsyf0OS4BsPgGhkQXM,rap,trap,0.564,0.669,9,-2.579,0,0.421,0.3,0.00346,0.127,0.465,150.123,200000,trap nation,1.1861681096310115,0.4484298229748535,100.432287
6m0ea8JV7U0pkCV7UAPOL9,Satellite,Cozmoe,40,1JzVR5GRFt9Wnj8V3A2wuv,Satellite,2019-11-13,Trap Nation,0NCspsyf0OS4BsPgGhkQXM,rap,trap,0.543,0.58,2,-7.065,1,0.241,0.797,0.784,0.113,0.343,81.738,234146,trap nation,1.068137996062622,1.3741355618352382,47.40804
5FHGdR2grg8WZIKr7CExs3,Runaway (U & I) - Dillon Francis Remix,Galantis,45,6NArHFDZEut5akSlfaIFGe,Runaway (U & I) [Dillon Francis Remix],2014-12-15,Trap Nation 🔊,5aPwKjwNHr6dnCejLcPTVx,rap,trap,0.487,0.867,10,-3.293,0,0.0543,0.00197,0.00602,0.0968,0.403,160.048,213000,trap nation,1.7802838187190582,0.0022722003780849156,138.761616
1s2xUbLU0bcNRWKK04X9NO,The Bottom (feat. Kellin Quinn),YULTRON,47,6ahBlUlwjPVKgUYqiirD3E,The Bottom (feat. Kellin Quinn),2019-05-24,Trap Nation,0NCspsyf0OS4BsPgGhkQXM,rap,trap,0.562,0.892,6,-3.226,1,0.0497,0.0399,1.06e-05,0.107,0.292,150.049,198400,trap nation,1.5871857879256441,0.044730891557296454,133.84370800000002
35a8WpjqbsqmjHO3BL3W9N,Lies,BEATSMASH,42,09sLDze0EcxXpdZyd37oam,Lies,2019-11-20,Trap Nation,0NCspsyf0OS4BsPgGhkQXM,rap,trap,0.505,0.784,8,-4.587,0,0.0372,0.00541,0.000647,0.0865,0.395,77.452,168774,trap nation,1.552472173322429,0.00690050140242168,60.722368
21fhmVio7JDL2WgjL4yEcq,Original Don (feat. The Partysquad) [Flosstradamus Remix],Major Lazer,35,16vOvSLYIZO8xZOpBBQnBZ,Major Lazer Essentials,2018-10-19,Trap Nation 🔊,5aPwKjwNHr6dnCejLcPTVx,rap,trap,0.786,0.984,7,-3.517,1,0.101,0.0473,0.387,0.517,0.578,135.039,234380,trap nation,1.2519068041898165,0.04806905684038939,132.87837599999997
5Ce9z7GqSknXccyppRxNLY,Thief,Ookay,64,1TEDJMksfymmVbEpa3pG26,Thief,2016-09-02,Trap Nation 🔊,5aPwKjwNHr6dnCejLcPTVx,rap,trap,0.57,0.797,6,-2.954,1,0.0609,0.00476,0.00833,0.11,0.212,149.926,239711,trap nation,1.3982431609769106,0.0059723889932384025,119.491022
3Jz9ElQlyRUxuS1K2kMb6B,Labyrinth,Convex,45,60Uv6vQ84TOSTlJGl34Qps,Labyrinth,2019-12-20,Trap Nation,0NCspsyf0OS4BsPgGhkQXM,rap,trap,0.467,0.615,4,-5.458,0,0.0363,0.0141,0.0,0.111,0.158,150.17,206198,trap nation,1.316913668279083,0.022926791988956113,92.35454999999999
4K9xid96G3YmIvQZXN9SXg,Overthinker,INZO,65,04jog2osd7pTEQc49jEIem,Overthinker,2018-07-23,Trap Nation,0NCspsyf0OS4BsPgGhkQXM,rap,trap,0.472,0.605,8,-4.437,1,0.134,0.0311,0.0308,0.101,0.212,128.375,268000,trap nation,1.2817769453878276,0.051404873710952544,77.666875
5Fx2UrcQobzM1h2ihdhsmm,New Rules - Alison Wonderland Remix,Dua Lipa,53,51pv0ZowpwnstNG77uLoEV,New Rules (Alison Wonderland Remix),2017-08-25,Trap Nation 🔊,5aPwKjwNHr6dnCejLcPTVx,rap,trap,0.578,0.59,9,-6.162,0,0.0431,0.00721,0.00711,0.077,0.253,128.092,263404,trap nation,1.0207594796548796,0.012220318270646999,75.57428
07CQ0ux2CwbaVN05sfG1zN,Sleepy Eyes,Elohim,11,503uvCxLGTUNHqgV0xMkqA,Elohim,2018-04-27,Trap Nation 🔊,5aPwKjwNHr6dnCejLcPTVx,rap,trap,0.608,0.736,6,-6.7,1,0.165,0.051,0.0,0.215,0.489,97.038,202887,trap nation,1.2105243247955184,0.06929338411224985,71.419968
5jO0lrPKHfhqRl2NcCTiGC,Say It Now,Coopex,47,4CiZ9CnJ6m09nxhcHCmpIa,Say It Now,2019-12-13,Trap Nation,0NCspsyf0OS4BsPgGhkQXM,rap,trap,0.553,0.757,3,-6.935,0,0.0542,0.00209,0.0264,0.279,0.106,150.041,190542,trap nation,1.3688944504621148,0.0027608946355420928,113.581037
1gV0hgMNdpSWeW7ZjSUKnX,Afterhours feat. Diplo & Nina Sky,TroyBoi,60,6FJ6fO4MeunhgpoG4sg0xH,Afterhours feat. Diplo & Nina Sky,2015-09-18,Trap Nation 🔊,5aPwKjwNHr6dnCejLcPTVx,rap,trap,0.74,0.831,1,-3.828,1,0.0423,0.089,0.0,0.0837,0.357,91.026,275604,trap nation,1.1229714554439791,0.10709975078249002,75.64260599999999
1LCG7BBh96DUUV6MuQhFad,Dance Monkey,Coopex,57,4bMaWB6yZh1ulaxHqRKh6Q,Dance Monkey,2019-12-23,Trap Nation,0NCspsyf0OS4BsPgGhkQXM,rap,trap,0.566,0.767,6,-6.15,0,0.0817,0.106,0.0,0.0862,0.236,98.111,194707,trap nation,1.355121280704451,0.13820060208526455,75.251137
5QcSDOm6mcvFDl7KBT1fHv,Spaceman - Carnage Festival Trap Remix,Hardwell,54,0GjLUjalniPkdkafJnkNFz,Spaceman (Carnage Festival Trap Remix),2012-12-29,Trap Nation 🔊,5aPwKjwNHr6dnCejLcPTVx,rap,trap,0.712,0.497,11,-8.976,1,0.0777,0.0235,0.768,0.101,0.238,139.987,234160,trap nation,0.6980327274821243,0.04728360707523727,69.573539
0OsylRd3BPdrqKcy06am1w,A Little Less Conversation (feat. The Great Escape),Nebbra,57,5tJxQoBo8Gup2M4JLxzEYC,A Little Less Conversation (feat. The Great Escape),2019-12-06,Trap Nation,0NCspsyf0OS4BsPgGhkQXM,rap,trap,0.44,0.71,5,-6.093,0,0.131,0.567,0.000196,0.212,0.837,93.147,171474,trap nation,1.6136326962893266,0.7985904245205288,66.13437
4wQSqT7IwKU60WqXs0qLdO,Lies - ATLAST Remix,KLOUD,42,63cEaJ6A6CWz36HwpdGsxU,Lies (Remixes),2019-10-30,Trap Nation,0NCspsyf0OS4BsPgGhkQXM,rap,trap,0.494,0.777,10,-6.716,0,0.0546,0.00153,5.35e-05,0.123,0.26,92.027,210612,trap nation,1.5728713099771054,0.001969109434865592,71.504979
08fDeQNLTu0bZnT6tRcXUP,Osiris,Matstubs,48,0NRoW86T5THLIDeb1lZSKJ,Destined,2020-01-07,Trap Nation,0NCspsyf0OS4BsPgGhkQXM,rap,trap,0.301,0.626,8,-7.418,0,0.104,0.0693,0.554,0.0895,0.217,82.265,189257,trap nation,2.079727309876047,0.11070269855798952,51.49789
4ZkoVCql1LeggKfufm6PG7,Eclypse,BEATSMASH,38,3Y9jcmxJ7zZvawoW7OoJ6Q,Eclypse,2020-01-10,Trap Nation,0NCspsyf0OS4BsPgGhkQXM,rap,trap,0.367,0.742,5,-5.827,0,0.0352,0.0851,0.804,0.121,0.223,149.937,212000,trap nation,2.021792856150256,0.11468987238561672,111.25325400000001
0D8n26VxzYSDIMhDO5JPjO,Flatline,Blanke,53,21c7ZhJbBi1OYKxjjEPMZg,Flatline,2019-12-06,Trap Nation 🔊,5aPwKjwNHr6dnCejLcPTVx,rap,trap,0.34,0.775,11,-4.832,0,0.0551,0.00547,0.000269,0.27,0.226,75.199,225877,trap nation,2.2794050605733513,0.0070580554089607625,58.279225
1ivuWgxFQb2xzxVNSlB1hF,DJ Turn It Up,Yellow Claw,69,414ovELKpZtIZMlZTp39ce,Amsterdam Twerk Music,2013-10-15,Trap Nation 🔊,5aPwKjwNHr6dnCejLcPTVx,rap,trap,0.829,0.695,1,-5.561,1,0.0473,0.000956,0.178,0.112,0.369,102.018,211777,trap nation,0.8383584579511967,0.001375537589154548,70.90250999999999
0wpTXkivIBjIw9YfmiDLi2,Find You,Badrapper,5,2acVeWbRPK55sUP4AOyzaD,Find You,2019-02-27,Trap Nation,0NCspsyf0OS4BsPgGhkQXM,rap,trap,0.489,0.757,1,-5.229,1,0.066,0.116,0.00327,0.754,0.254,89.944,218667,trap nation,1.5480540939589083,0.153236257283676,68.087608
60E5behybi3XUzcme2uojn,Tell Me,RL Grime,38,1A1VFydR8WAZUtyv9zG0Mp,Tell Me,2014-06-24,Trap Nation 🔊,5aPwKjwNHr6dnCejLcPTVx,rap,trap,0.593,0.966,5,-2.85,0,0.0512,0.249,0.489,0.0936,0.274,140.051,281143,trap nation,1.6290023119691197,0.2577637083191425,135.289266
2BcwzjPvVSkek2ZLdh7C9J,Sing Me to Sleep - Marshmello Remix,Alan Walker,60,4wQNBX0Mp50Q2JFSEDW5G1,Sing Me to Sleep,2016-06-03,Trap Nation 🔊,5aPwKjwNHr6dnCejLcPTVx,rap,trap,0.62,0.893,4,-1.718,0,0.0436,0.0383,0.000304,0.159,0.16,101.089,192480,trap nation,1.4403202575479717,0.04288908970986594,90.272477
6jq6rcOikCZAmjliAgAmfT,Light,San Holo,68,4k2ygY7kW4n1eVtR2i0F0H,Light,2017-02-10,Trap Nation 🔊,5aPwKjwNHr6dnCejLcPTVx,rap,trap,0.57,0.763,1,-4.137,1,0.0573,0.0857,2.49e-06,0.0932,0.43,150.088,239853,trap nation,1.3385941428172934,0.11231964309352149,114.517144
380kqOLJFYOciv38ELm3jr,Lost in the Space,Coopex,39,6bJ4VKjZBU7o7P9qp3YvCl,Lost in the Space,2020-01-10,Trap Nation,0NCspsyf0OS4BsPgGhkQXM,rap,trap,0.582,0.587,0,-6.304,0,0.035,0.265,0.0,0.0998,0.313,75.026,200187,trap nation,1.0085893323207349,0.45144727181043987,44.040262
2YaSzINHB1xDU4zigrtR5f,We Don't Care,Matt Rysen,44,4xxp2MOxOWco9zcegctWAt,We Don't Care,2020-01-03,Trap Nation,0NCspsyf0OS4BsPgGhkQXM,rap,trap,0.399,0.889,1,-5.738,1,0.0936,0.113,0.000421,0.15,0.416,113.809,248471,trap nation,2.228064591316814,0.1271089683813629,101.176201
7guegNxwAH0uZsQx7i69Iw,Jah No Partial - Yellow Claw & Yung Felix Remix,Major Lazer,38,1nrVGGwTzWdr6HSPuMnUVr,All Trap Music 2,2013-11-17,Trap Nation 🔊,5aPwKjwNHr6dnCejLcPTVx,rap,trap,0.562,0.723,6,-8.922,0,0.0335,0.00145,0.45,0.271,0.484,145.031,190380,trap nation,1.2864745792267271,0.002005529729557774,104.857413
29a1MGb3WfxfPUUQl40gYA,Ruins,William Black,44,1a1fINJIfLtJhttbgfGnU4,Pages,2019-08-22,Trap Nation,0NCspsyf0OS4BsPgGhkQXM,rap,trap,0.444,0.723,5,-6.496,1,0.0467,0.0495,0.0,0.186,0.241,170.008,243529,trap nation,1.6283747108677684,0.06846463559524814,122.915784
51hSi1p7g2KdXg7fJA1Hgp,The Drop,Bro Safari,53,2HbsPbdhF3TfA34vn9q7Wg,The Drop EP,2013-10-22,Trap Nation 🔊,5aPwKjwNHr6dnCejLcPTVx,rap,trap,0.689,0.88,0,-3.964,0,0.101,0.105,0.0283,0.447,0.528,170.039,229851,trap nation,1.2772114989673455,0.11931804622949291,149.63432
6SNUuxeg0NWXSEkFirAkAM,The Hills - RL Grime Remix,The Weeknd,51,3x3MSUwsijjsVPRwUMU8NG,The Hills (RL Grime Remix),2015-11-06,Trap Nation 🔊,5aPwKjwNHr6dnCejLcPTVx,rap,trap,0.571,0.897,0,-2.463,0,0.0432,0.113,0.246,0.158,0.446,139.996,271067,trap nation,1.5709254449641945,0.12597533336083236,125.576412
5DwYXHM4FuBXD5wyGjFl0r,Closer,Lemaitre,5,3hsfB20kwemsbzW1LTQlv1,1749,2016-01-29,Trap Nation 🔊,5aPwKjwNHr6dnCejLcPTVx,rap,trap,0.578,0.773,2,-3.662,0,0.0337,0.0015,0.0216,0.107,0.364,91.947,270533,trap nation,1.3373679284291897,0.0019404890808679418,71.07503100000001
7lmWLVGB3A8w62J6opghk0,Awake,TWO LANES,42,6pREX9Xqp1vjKrZ87ZlGlF,Drifting,2019-05-31,Trap Nation,0NCspsyf0OS4BsPgGhkQXM,rap,trap,0.5,0.586,11,-9.641,0,0.283,0.605,0.0124,0.194,0.172,160.179,160219,trap nation,1.1719976560046879,1.0324214463797843,93.86489399999999
2WMRd3xAb9FwXopCRNWDq1,Wildfire,SBTRKT,62,5fP2kgfePJZF4nB1XqC1i8,SBTRKT,2011-06-27,Ultimate Indie Presents... Best Indie Tracks of the 2010s,37i9dQZF1DWTHM4kX49UKs,r&b,hip pop,0.835,0.481,0,-7.188,0,0.387,0.0308,0.000501,0.0896,0.34,139.581,201000,ultimate indie presents... best indie tracks of the 2010s,0.5760472143147134,0.06403313090825176,67.13846099999999
601KiLiZtBJRTXBrTjeieP,Ode to Viceroy,Mac DeMarco,63,7x6wYKbZUU2BL3N8ZWwM3q,2,2012-10-16,Ultimate Indie Presents... Best Indie Tracks of the 2010s,37i9dQZF1DWTHM4kX49UKs,pop,dance pop,0.514,0.632,2,-6.305,1,0.0501,0.208,0.0132,0.115,0.31,94.569,233818,ultimate indie presents... best indie tracks of the 2010s,1.2295695922770578,0.329113403301577,59.767608
4UADR6fNQfx4fxkiRQvSy2,Pristine,Snail Mail,60,2e48GqjEwCi87gQJanb1bf,Lush,2018-06-08,Ultimate Indie Presents... Best Indie Tracks of the 2010s,37i9dQZF1DWTHM4kX49UKs,pop,dance pop,0.483,0.695,0,-5.493,1,0.0313,0.00461,0.000661,0.102,0.294,126.212,295333,ultimate indie presents... best indie tracks of the 2010s,1.4389204163138378,0.006633083981174129,87.71734
6LxcPUqx6noURdA5qc4BAT,Motion Sickness,Phoebe Bridgers,67,0AkAmg94XyiHODJaiGHh9O,Stranger in the Alps,2017-09-22,Ultimate Indie Presents... Best Indie Tracks of the 2010s,37i9dQZF1DWTHM4kX49UKs,r&b,hip pop,0.652,0.545,1,-9.021,1,0.0358,0.774,0.0428,0.0847,0.626,107.019,229760,ultimate indie presents... best indie tracks of the 2010s,0.8358882885148949,1.4201808804020541,58.32535500000001
2QuvT46pnd93GDBYCpSlBf,The Words That Maketh Murder,PJ Harvey,37,2f8Rfpdol5jrJe3OL4YH6k,Let England Shake,2011-02-15,Ultimate Indie Presents... Best Indie Tracks of the 2010s,37i9dQZF1DWTHM4kX49UKs,pop,dance pop,0.591,0.782,2,-8.895,0,0.0429,0.61,0.0,0.172,0.733,158.018,225840,ultimate indie presents... best indie tracks of the 2010s,1.3231788101881385,0.7800501533885505,123.570076
4gRAniZdYF2zVrDUsNC9tU,raingurl,Yaeji,65,3YtDhWqQOTOT6XD2DQHpBr,raingurl,2017-10-30,Ultimate Indie Presents... Best Indie Tracks of the 2010s,37i9dQZF1DWTHM4kX49UKs,r&b,hip pop,0.929,0.572,6,-6.928,0,0.0506,0.017,0.00353,0.122,0.288,128.014,237231,ultimate indie presents... best indie tracks of the 2010s,0.6157151606941219,0.02972022776183958,73.224008
71cUqXJ3h1r0Ees6YdENLU,Coffee,Sylvan Esso,61,5Abelpx4c3FzhTOZP3ZIvS,Sylvan Esso,2014-05-13,Ultimate Indie Presents... Best Indie Tracks of the 2010s,37i9dQZF1DWTHM4kX49UKs,r&b,hip pop,0.457,0.455,0,-8.112,1,0.188,0.348,0.00122,0.142,0.163,100.049,269693,ultimate indie presents... best indie tracks of the 2010s,0.9956214537823769,0.764833483882453,45.52229500000001
1CLmFKW99S8eJrebO3GB04,No Woman,Whitney,65,5yMCA6HdFAeL1aqUjxO3MO,Light Upon the Lake,2016-06-03,Ultimate Indie Presents... Best Indie Tracks of the 2010s,37i9dQZF1DWTHM4kX49UKs,r&b,hip pop,0.581,0.4,2,-8.739,1,0.0291,0.893,0.576,0.161,0.433,112.331,237973,ultimate indie presents... best indie tracks of the 2010s,0.6884669733787033,2.2324944187639533,44.9324
4sCYKMatyhazyy6r2N7Hp2,Genesis,Grimes,60,48a7rOjTzpD1zzJAteeveE,Visions,2012-02-21,Ultimate Indie Presents... Best Indie Tracks of the 2010s,37i9dQZF1DWTHM4kX49UKs,r&b,hip pop,0.611,0.677,10,-6.745,0,0.034,0.0764,0.0698,0.241,0.233,166.04,255320,ultimate indie presents... best indie tracks of the 2010s,1.1080178264847358,0.11285064571544205,112.40908
2eg2gvPXuwZ9FyrPaLgrXi,Chateau Lobby #4 (in C for Two Virgins),Father John Misty,60,2A8IKX257C4hJaYUHMhLP7,"I Love You, Honeybear",2015-02-10,Ultimate Indie Presents... Best Indie Tracks of the 2010s,37i9dQZF1DWTHM4kX49UKs,r&b,hip pop,0.436,0.804,0,-4.907,1,0.0409,0.209,0.0,0.171,0.784,188.061,170840,ultimate indie presents... best indie tracks of the 2010s,1.844032467815441,0.25994992543541606,151.20104400000002
71jGGLe5VtEHjIk5dU2W3S,Red Eyes,The War On Drugs,65,14xxjLlbGy8ACm4MorBjD5,Lost In The Dream,2014-03-18,Ultimate Indie Presents... Best Indie Tracks of the 2010s,37i9dQZF1DWTHM4kX49UKs,pop,dance pop,0.464,0.815,10,-6.371,1,0.0368,0.00871,0.201,0.162,0.467,161.845,298920,ultimate indie presents... best indie tracks of the 2010s,1.756461731763509,0.01068710345140681,131.903675
2W3EgJst61RLZtPPm3EQim,Territory,The Blaze,64,56X6IaIoNEfqxAvGb9St58,Territory,2017-04-07,Ultimate Indie Presents... Best Indie Tracks of the 2010s,37i9dQZF1DWTHM4kX49UKs,pop,dance pop,0.563,0.44,9,-11.943,0,0.0822,0.286,0.683,0.269,0.213,120.009,276373,ultimate indie presents... best indie tracks of the 2010s,0.7815261429375792,0.6499985227306302,52.803960000000004
3l9eg9RtisizG12a1D6nZl,Pretty Pimpin,Kurt Vile,66,2uRTsStAmo7Z2UwCIvuwMv,b'lieve i'm goin down...,2015-09-25,Ultimate Indie Presents... Best Indie Tracks of the 2010s,37i9dQZF1DWTHM4kX49UKs,pop,dance pop,0.566,0.664,8,-9.081,1,0.0281,0.0928,0.305,0.0903,0.764,91.117,298760,ultimate indie presents... best indie tracks of the 2010s,1.1731428036346228,0.13975882566441916,60.50168800000001
3Rc2ajBMInxeNGVkMPC92Y,Dancing On My Own,Robyn,61,4ektWErsV6EIxW0jBWq1Jn,Body Talk Pt. 1,2010-06-11,Ultimate Indie Presents... Best Indie Tracks of the 2010s,37i9dQZF1DWTHM4kX49UKs,r&b,hip pop,0.678,0.871,6,-4.781,1,0.0342,0.0587,0.249,0.0928,0.28,117.029,285973,ultimate indie presents... best indie tracks of the 2010s,1.2846588721845542,0.06739372285450877,101.932259
3t87C08isN6yw2DnWOorLm,Hannah Hunt,Vampire Weekend,62,2Qi2SySN2ePZwMLDSv9Krn,Modern Vampires of the City,2013-05-27,Ultimate Indie Presents... Best Indie Tracks of the 2010s,37i9dQZF1DWTHM4kX49UKs,r&b,hip pop,0.345,0.313,4,-10.098,1,0.0681,0.717,0.000822,0.1,0.164,207.969,237973,ultimate indie presents... best indie tracks of the 2010s,0.9072437471195737,2.2907275056629213,65.094297
7DfFc7a6Rwfi3YQMRbDMau,Thinkin Bout You,Frank Ocean,75,392p3shh2jkxUxY2VHvlH8,channel ORANGE,2012-01-01,Ultimate Indie Presents... Best Indie Tracks of the 2010s,37i9dQZF1DWTHM4kX49UKs,r&b,hip pop,0.721,0.339,0,-11.195,1,0.0532,0.409,0.00153,0.0973,0.2,129.83,200747,ultimate indie presents... best indie tracks of the 2010s,0.47017965301019005,1.2064861165601282,44.012370000000004
0MpsyFvt1KaxNYBYw2aanq,Hey Moon,John Maus,54,6lfo4f2EW26I06q2cIMPof,We Must Become the Pitiless Censors of Ourselves,2011-06-28,Ultimate Indie Presents... Best Indie Tracks of the 2010s,37i9dQZF1DWTHM4kX49UKs,pop,dance pop,0.573,0.639,0,-7.143,1,0.0247,0.784,0.633,0.0923,0.24,89.575,248707,ultimate indie presents... best indie tracks of the 2010s,1.1151812998581154,1.2269151378479846,57.238425
6qsArsTq6WoqtUFUe1e15W,Airplanes,Local Natives,49,2cIpJDijNEoHv88jJKwDID,Gorilla Manor,2010-02-16,Ultimate Indie Presents... Best Indie Tracks of the 2010s,37i9dQZF1DWTHM4kX49UKs,r&b,hip pop,0.588,0.529,2,-7.838,1,0.0242,0.534,0.0683,0.126,0.591,95.971,237933,ultimate indie presents... best indie tracks of the 2010s,0.8996583339143982,1.0094498876183597,50.76865900000001
4QHKR48C18rwlpSYW6rH7p,Mi Mujer,Nicolas Jaar,59,1b6TEbqt3BVA43BtMnL7Yk,Time for Us,2010-01-25,Ultimate Indie Presents... Best Indie Tracks of the 2010s,37i9dQZF1DWTHM4kX49UKs,r&b,hip pop,0.816,0.635,10,-8.354,0,0.0517,0.105,0.846,0.105,0.307,124.005,411125,ultimate indie presents... best indie tracks of the 2010s,0.7781853208513225,0.16535407030855068,78.743175
6WmIyn2fx1PKQ0XDpYj4VR,Love It If We Made It,The 1975,73,6PWXKiakqhI17mTYM4y6oY,A Brief Inquiry Into Online Relationships,2018-11-30,Ultimate Indie Presents... Best Indie Tracks of the 2010s,37i9dQZF1DWTHM4kX49UKs,r&b,hip pop,0.472,0.745,4,-5.297,1,0.0356,0.000607,2.74e-05,0.0957,0.0631,180.06,252926,ultimate indie presents... best indie tracks of the 2010s,1.5783864864693085,0.0008147640070281784,134.1447
6V5nMvQwsiyW7rEyZq3gfQ,I Know There's Gonna Be (Good Times) [feat. Popcaan],Young Thug,57,5KmHLqummeGUiCexCkFEa4,I Know There's Gonna Be (Good Times) [feat. Popcaan],2015-08-28,Ultimate Indie Presents... Best Indie Tracks of the 2010s,37i9dQZF1DWTHM4kX49UKs,r&b,hip pop,0.632,0.592,11,-9.735,0,0.162,0.124,0.0,0.53,0.499,89.522,213622,ultimate indie presents... best indie tracks of the 2010s,0.9367073786275654,0.20945910564340262,52.997024
6JvfBzqZmSiEG5MjM7OcSY,Diddy Bop (feat. Cam O'bi & Raury),Noname,63,18Scpsg5OV1iYNtSaCsjwz,Telefone,2016-08-12,Ultimate Indie Presents... Best Indie Tracks of the 2010s,37i9dQZF1DWTHM4kX49UKs,pop,dance pop,0.637,0.503,1,-6.927,1,0.336,0.713,0.000113,0.109,0.661,81.061,208000,ultimate indie presents... best indie tracks of the 2010s,0.7896376928764632,1.4174922117451056,40.773683000000005
1cWVUrMhaVcLLW8nRz1wgR,Damn That Valley,U.S. Girls,40,7DQbNDsFFpOhgXSRHFuzVF,Half Free,2015-09-25,Ultimate Indie Presents... Best Indie Tracks of the 2010s,37i9dQZF1DWTHM4kX49UKs,pop,dance pop,0.396,0.887,9,-3.682,1,0.0563,5.1e-05,0.354,0.351,0.253,175.919,190387,ultimate indie presents... best indie tracks of the 2010s,2.239893333602693,5.749711668870722e-05,156.040153
41X9To0bQ4fpoSRri4NHiI,Seasons (Waiting On You),Future Islands,66,1dKh4z5Aayt8FFDWjO5FDh,Singles,2014-03-24,Ultimate Indie Presents... Best Indie Tracks of the 2010s,37i9dQZF1DWTHM4kX49UKs,pop,dance pop,0.498,0.721,10,-5.232,1,0.0282,0.136,0.7,0.0933,0.589,140.027,226440,ultimate indie presents... best indie tracks of the 2010s,1.4477882574532983,0.18862664545541546,100.95946699999999
6WVheb5G29cbDOzF4qMfli,Road Head,Japanese Breakfast,60,6AOaqWipm2Zk0oBp0uUey2,Soft Sounds from Another Planet,2017-07-14,Ultimate Indie Presents... Best Indie Tracks of the 2010s,37i9dQZF1DWTHM4kX49UKs,pop,dance pop,0.54,0.674,4,-8.734,1,0.0296,0.0978,0.156,0.147,0.165,95.036,195107,ultimate indie presents... best indie tracks of the 2010s,1.2481458367669689,0.14510364227946249,64.054264
2os0aK782bakCPmjow0SU0,Drunk Drivers/Killer Whales,Car Seat Headrest,60,26DseQO366JfXwIP7dIgQj,Teens of Denial,2016-05-20,Ultimate Indie Presents... Best Indie Tracks of the 2010s,37i9dQZF1DWTHM4kX49UKs,r&b,hip pop,0.534,0.414,2,-7.952,1,0.0403,0.218,2.11e-06,0.103,0.458,117.079,374653,ultimate indie presents... best indie tracks of the 2010s,0.7752794470422338,0.5265687764039217,48.47070599999999
3xKsf9qdS1CyvXSMEid6g8,Pink + White,Frank Ocean,77,3mH6qwIy9crq0I9YQbOuDf,Blonde,2016-08-20,Ultimate Indie Presents... Best Indie Tracks of the 2010s,37i9dQZF1DWTHM4kX49UKs,pop,dance pop,0.544,0.552,9,-7.45,1,0.0991,0.67,4.57e-05,0.415,0.554,159.738,184516,ultimate indie presents... best indie tracks of the 2010s,1.0147040170882038,1.2137659170907298,88.17537600000001
0PHwCbA310LLIMcSDpQbgF,Two Weeks,FKA twigs,58,5VqGGKeWpIBRFh4M4XmqDK,LP1,2014-08-12,Ultimate Indie Presents... Best Indie Tracks of the 2010s,37i9dQZF1DWTHM4kX49UKs,r&b,hip pop,0.48,0.717,0,-6.663,1,0.23,0.0625,0.000685,0.0814,0.335,109.756,247547,ultimate indie presents... best indie tracks of the 2010s,1.4937468880273166,0.08716863714276549,78.695052
07tOsOR7E9zW89v2FqzsdG,Busy Earnin',Jungle,53,7oZG5VZ4SukMmnylJ16O24,Jungle,2014-07-15,Ultimate Indie Presents... Best Indie Tracks of the 2010s,37i9dQZF1DWTHM4kX49UKs,r&b,hip pop,0.457,0.883,10,-5.61,0,0.0376,0.209,5.11e-06,0.0912,0.736,99.937,181773,ultimate indie presents... best indie tracks of the 2010s,1.9321620740436016,0.23669282367743635,88.244371
2X485T9Z5Ly0xyaghN73ed,Let It Happen,Tame Impala,75,79dL7FLiJFOO0EoehUHQBv,Currents,2015-07-17,Ultimate Indie Presents... Best Indie Tracks of the 2010s,37i9dQZF1DWTHM4kX49UKs,r&b,hip pop,0.602,0.881,1,-5.875,0,0.0443,0.00462,0.0266,0.111,0.577,125.012,467587,ultimate indie presents... best indie tracks of the 2010s,1.463452718517079,0.005244034910289545,110.135572
6u0dQik0aif7FQlrhycG1L,The Morning,The Weeknd,70,5EbpxRwbbpCJUepbqVTZ1U,Trilogy,2012-01-01,Ultimate Indie Presents... Best Indie Tracks of the 2010s,37i9dQZF1DWTHM4kX49UKs,pop,dance pop,0.652,0.549,6,-7.555,0,0.039,0.317,0.0,0.104,0.186,120.073,312427,ultimate indie presents... best indie tracks of the 2010s,0.8420232484306006,0.577412427299768,65.920077
781V2Y5LPtcpgONEOadadE,Get Got,Death Grips,58,1PQDjdBpHPikAodJqjzm6a,The Money Store,2012-04-20,Ultimate Indie Presents... Best Indie Tracks of the 2010s,37i9dQZF1DWTHM4kX49UKs,r&b,hip pop,0.57,0.993,7,-3.757,1,0.337,0.00628,0.00796,0.0876,0.405,87.0,171867,ultimate indie presents... best indie tracks of the 2010s,1.7421022068382337,0.006324263520379133,86.391
1eyzqe2QqGZUmfcPZtrIyt,Midnight City,M83,71,6R0ynY7RF20ofs9GJR5TXR,"Hurry Up, We're Dreaming",2011,Ultimate Indie Presents... Best Indie Tracks of the 2010s,37i9dQZF1DWTHM4kX49UKs,r&b,hip pop,0.526,0.712,11,-6.525,0,0.0356,0.0161,0.0,0.179,0.32,105.009,241440,ultimate indie presents... best indie tracks of the 2010s,1.3536095938981103,0.02261232779167445,74.766408
5VarZFY00sO54HErJ3TPCI,So Good At Being in Trouble,Unknown Mortal Orchestra,68,41C5iULlHU9sMYiekI75Pn,II,2013-02-05,Ultimate Indie Presents... Best Indie Tracks of the 2010s,37i9dQZF1DWTHM4kX49UKs,r&b,hip pop,0.829,0.435,0,-10.136,1,0.0515,0.0363,0.878,0.119,0.594,103.816,230147,ultimate indie presents... best indie tracks of the 2010s,0.5247279556960728,0.08344808402739304,45.15996
0mYslGmbnkbxuyr0ISIYtB,Lucky,Choker,63,1NHlnn47gB3IrP9fwahcjF,Forever & A Few,2019-02-08,Ultimate Indie Presents... Best Indie Tracks of the 2010s,37i9dQZF1DWTHM4kX49UKs,pop,dance pop,0.477,0.328,4,-8.458,1,0.0658,0.906,7.36e-06,0.262,0.283,174.143,251034,ultimate indie presents... best indie tracks of the 2010s,0.6876295856822104,2.762186700650303,57.118904
3D1P3oPecqAQy2u33gAhsM,Odessa,Caribou,54,3gkW0gOyovtdcscDX6WZ6O,Swim,2010-04-20,Ultimate Indie Presents... Best Indie Tracks of the 2010s,37i9dQZF1DWTHM4kX49UKs,pop,dance pop,0.681,0.915,1,-5.974,1,0.042,0.00334,0.0817,0.354,0.607,118.027,315585,ultimate indie presents... best indie tracks of the 2010s,1.343610361805636,0.003650269234678432,107.99470500000001
5by7gtiDrxe4n2qQQunL8S,Video Games - Remastered,Lana Del Rey,55,4X8hAqIWpQyQks2yRhyqs4,Born To Die,2012-01-30,Ultimate Indie Presents... Best Indie Tracks of the 2010s,37i9dQZF1DWTHM4kX49UKs,pop,dance pop,0.39,0.255,6,-9.676,0,0.0299,0.806,1.14e-06,0.0887,0.179,122.056,281947,ultimate indie presents... best indie tracks of the 2010s,0.653844477321853,3.160771918541496,31.12428
5zOnoB8FdZudDcPX4O8WqF,(No One Knows Me) Like the Piano,Sampha,63,2gUSWVHCOerKhJHZRwhVtN,Process,2017-02-03,Ultimate Indie Presents... Best Indie Tracks of the 2010s,37i9dQZF1DWTHM4kX49UKs,pop,dance pop,0.621,0.199,10,-13.788,1,0.0344,0.976,0.00186,0.107,0.178,128.905,218160,ultimate indie presents... best indie tracks of the 2010s,0.32045036964513746,4.904497967346898,25.652095000000003
2sZtaJ4RFbRAAOBKWEeR4H,Loud Places,Jamie xx,7,5jBKTppNIUpcrNKbr8jbsQ,In Colour - Preview White Label,2015-03-27,Ultimate Indie Presents... Best Indie Tracks of the 2010s,37i9dQZF1DWTHM4kX49UKs,pop,dance pop,0.646,0.629,8,-10.775,0,0.0427,0.00426,0.277,0.122,0.173,109.013,283067,ultimate indie presents... best indie tracks of the 2010s,0.973682703277549,0.006772644240629188,68.56917700000001
5HLes17mwCwKt81mi0Tk35,"Archie, Marry Me",Alvvays,62,4PrBMzWzzoMOwm55Bfo3dt,Alvvays,2014-07-22,Ultimate Indie Presents... Best Indie Tracks of the 2010s,37i9dQZF1DWTHM4kX49UKs,r&b,hip pop,0.27,0.83,7,-4.592,1,0.0741,0.00956,0.434,0.142,0.205,117.314,196560,ultimate indie presents... best indie tracks of the 2010s,3.0740626886567086,0.011518058411977818,97.37061999999999
2Kn3xgaDCM4aHuHK7FApgC,Close Your Eyes (And Count To Fuck),Run The Jewels,62,4Loc7NtCAo9mypHO6kbviD,Run The Jewels 2,2014-10-24,Ultimate Indie Presents... Best Indie Tracks of the 2010s,37i9dQZF1DWTHM4kX49UKs,pop,dance pop,0.678,0.662,1,-6.473,1,0.3,0.0123,0.0,0.133,0.498,80.318,234160,ultimate indie presents... best indie tracks of the 2010s,0.9763997398233926,0.01858003235644659,53.170516
5I6y1KWmUoV5YCaIEcs1qs,Should Have Known Better,Sufjan Stevens,65,0U8DeqqKDgIhIiWOdqiQXE,Carrie & Lowell,2015-03-31,Ultimate Indie Presents... Best Indie Tracks of the 2010s,37i9dQZF1DWTHM4kX49UKs,r&b,hip pop,0.571,0.172,7,-20.7,1,0.0318,0.979,0.275,0.124,0.297,90.972,307698,ultimate indie presents... best indie tracks of the 2010s,0.30122539189948877,5.691827373096668,15.647183999999998
65wx71brAmEQz66GXXF8gI,Sound & Color,Alabama Shakes,9,2IVZPDXb7LFbyukqaoWpYR,Sound & Color,2015-04-21,Ultimate Indie Presents... Best Indie Tracks of the 2010s,37i9dQZF1DWTHM4kX49UKs,r&b,hip pop,0.547,0.43,2,-7.393,1,0.0667,0.848,0.613,0.0825,0.175,114.729,182467,ultimate indie presents... best indie tracks of the 2010s,0.7861045957868449,1.972088437003635,49.33347
5JAWf4omEzwccQNE8Y6kvn,Bloodbuzz Ohio,The National,47,59gXPxZ8CwFaeknPxtxXHZ,High Violet,2010-05-11,Ultimate Indie Presents... Best Indie Tracks of the 2010s,37i9dQZF1DWTHM4kX49UKs,r&b,hip pop,0.39,0.834,9,-6.367,1,0.0444,0.0554,0.18,0.103,0.684,157.077,275933,ultimate indie presents... best indie tracks of the 2010s,2.138456055240884,0.06642677886477354,131.002218
3LueS3mbuB1yaJNN0Ale6U,Avant Gardener,Courtney Barnett,59,5lUc4iyCvw8DxpZa4Fryej,The Double EP: A Sea of Split Peas,2014-04-15,Ultimate Indie Presents... Best Indie Tracks of the 2010s,37i9dQZF1DWTHM4kX49UKs,pop,dance pop,0.443,0.737,0,-4.509,1,0.0293,0.00149,0.0032,0.121,0.746,115.277,312227,ultimate indie presents... best indie tracks of the 2010s,1.6636531294511752,0.002021706890492686,84.959149
38ydcsbayM4oX21Hhu84DT,Every Time the Sun Comes Up,Sharon Van Etten,63,0F1pMhF8Vy74nKkQeLBfrd,Are We There,2014-05-27,Ultimate Indie Presents... Best Indie Tracks of the 2010s,37i9dQZF1DWTHM4kX49UKs,r&b,hip pop,0.663,0.522,1,-8.741,1,0.0374,0.392,5.41e-06,0.197,0.301,99.765,262520,ultimate indie presents... best indie tracks of the 2010s,0.7873291292169996,0.7509564157923069,52.07733
4uQ7wYsuL0DryknoDc11Hk,Norf Norf,Vince Staples,70,4Csoz10NhNJOrCTUoPBdUD,Summertime '06,2015-06-30,Ultimate Indie Presents... Best Indie Tracks of the 2010s,37i9dQZF1DWTHM4kX49UKs,r&b,hip pop,0.925,0.548,7,-6.572,1,0.0658,0.394,0.000128,0.11,0.0922,100.015,183160,ultimate indie presents... best indie tracks of the 2010s,0.5924317919656303,0.718976790188339,54.808220000000006
33pDmPx2pkJ7JCAQpRDQ9B,GLOWED UP,KAYTRANADA,64,1dZZh7PvVgce1DDsDPzy8Z,99.9%,2016-05-06,Ultimate Indie Presents... Best Indie Tracks of the 2010s,37i9dQZF1DWTHM4kX49UKs,pop,dance pop,0.681,0.621,1,-10.024,1,0.34,0.036,0.00555,0.138,0.428,135.538,298027,ultimate indie presents... best indie tracks of the 2010s,0.9118929340779234,0.0579709211418339,84.169098
0ZAhJvqW67Epg4IsLIaSTR,Zebra,Beach House,54,4sYpTER2iT2Y7Kf4VsfUne,Teen Dream,2010-01-26,Ultimate Indie Presents... Best Indie Tracks of the 2010s,37i9dQZF1DWTHM4kX49UKs,pop,dance pop,0.612,0.476,8,-8.256,1,0.0275,0.861,0.00401,0.147,0.257,118.383,288720,ultimate indie presents... best indie tracks of the 2010s,0.7777765069011324,1.8088197293703165,56.350308
3j5DVpcCELigVZrmwGOw3X,Cruel,St. Vincent,55,1Lci4bx7JIuCC8pnBNX7ds,Strange Mercy,2011-09-12,Ultimate Indie Presents... Best Indie Tracks of the 2010s,37i9dQZF1DWTHM4kX49UKs,r&b,hip pop,0.57,0.704,1,-8.32,1,0.0314,0.0104,0.446,0.0905,0.437,115.037,214987,ultimate indie presents... best indie tracks of the 2010s,1.2350855524814868,0.014772706288769475,80.986048
5iK8GmW2uiPuUc5CtkZrIK,Downtown,Majical Cloudz,53,2xF3ioefFdZrOg9zUBU5hb,Are You Alone?,2015-10-16,Ultimate Indie Presents... Best Indie Tracks of the 2010s,37i9dQZF1DWTHM4kX49UKs,r&b,hip pop,0.382,0.283,6,-9.357,1,0.0292,0.786,0.00478,0.111,0.0441,95.3,249063,ultimate indie presents... best indie tracks of the 2010s,0.7408357569744581,2.777375344963446,26.969899999999996
6bTn1ovliI0OkjUNkiMBJq,Nobody,Mitski,67,653wRjqO0GOZPQPcXpeAXD,Be the Cowboy,2018-08-17,Ultimate Indie Presents... Best Indie Tracks of the 2010s,37i9dQZF1DWTHM4kX49UKs,pop,dance pop,0.398,0.716,0,-5.254,1,0.0392,0.0764,0.0,0.0848,0.494,117.295,193429,ultimate indie presents... best indie tracks of the 2010s,1.7989904547978521,0.10670376158692516,83.98322
1bAvtmTl0F9loyz9AwPwp7,Losers,The Weeknd,62,0P3oVJBFOv3TDXlYRhGL7s,Beauty Behind The Madness,2015-08-28,Urban Contemporary,4Pbs84EQbuAblxlp6Chz0d,r&b,urban contemporary,0.666,0.485,0,-9.85,0,0.0527,0.0355,0.000603,0.504,0.288,91.009,281147,urban contemporary,0.7282271347940918,0.0731957253696384,44.139365
6jBUP2KCe821yqf1hiBqPR,Broken Strings,James Morrison,70,4gbQkXljzPRUvYtqQscMO7,"Songs For You, Truths For Me (International Exclusive Bundle)",2008-01-01,urban contemporary,7en9i0JMyJlRFX4r4XrXXx,r&b,urban contemporary,0.57,0.717,1,-4.914,1,0.029,0.00967,0.0,0.0833,0.321,111.91,250453,urban contemporary,1.2578925300131052,0.013486731538728676,80.23947
2jGjNCH6Op0BqBHPc4Rd8d,Lovely,Brent Faiyaz,58,2pIpBDT8RtmJ5Vhb86BOcd,A.M. Paradox,2016-09-20,Urban Contemporary,4Pbs84EQbuAblxlp6Chz0d,r&b,urban contemporary,0.385,0.473,8,-8.656,0,0.0519,0.575,2.88e-05,0.13,0.0575,143.614,291098,urban contemporary,1.2285682374850975,1.2156422502278008,67.929422
3SktMqZmo3M9zbB7oKMIF7,Gravity,John Mayer,74,1Xsprdt1q9rOzTic7b9zYM,Continuum,2006-09-11,Urban contemporary,1ZlL3IQS8eB0s0RMxz02yD,r&b,urban contemporary,0.764,0.326,7,-9.883,1,0.0342,0.731,0.0013,0.24,0.237,123.98,245827,urban contemporary,0.42670101217145,2.242324410047822,40.417480000000005
6rJmWa5DvQ3Nby3tdcX2L0,East Atlanta Love Letter (feat. Future),6LACK,63,3fc97ZWLIMc1xawhxbKrh2,East Atlanta Love Letter,2018-09-14,Urban contemporary,0qOJuaqHeg4u1i6gjPKnxE,r&b,urban contemporary,0.581,0.315,5,-11.947,0,0.0781,0.389,1.68e-05,0.0766,0.185,61.381,246088,urban contemporary,0.5421677415357289,1.2349167145501128,19.335015
5VA4Ispp52EA1sOqzMz3Av,All I Want Is You (feat. J. Cole),Miguel,62,493HYe7N5pleudEZRyhE7R,All I Want Is You,2010-11-26,Urban Contemporary,4Pbs84EQbuAblxlp6Chz0d,r&b,urban contemporary,0.776,0.603,5,-5.696,1,0.0343,0.0728,6.25e-05,0.111,0.921,96.888,295920,urban contemporary,0.7770608543030227,0.12072948469405524,58.423464
7hDVYcQq6MxkdJGweuCtl9,ocean eyes,Billie Eilish,85,7fRrTyKvE4Skh93v97gtcU,dont smile at me,2017-12-22,Urban contemporary,1ZlL3IQS8eB0s0RMxz02yD,r&b,urban contemporary,0.511,0.363,4,-7.65,0,0.041,0.816,0.0317,0.084,0.169,144.892,200379,urban contemporary,0.7103704298034641,2.247927691659252,52.595796
0knqVSsgD7C8yu5yNmQFbA,Cannonball,Damien Rice,60,3ADELRoZ4I8WLE7clLU7La,O,2003-03-24,Urban contemporary,1ZlL3IQS8eB0s0RMxz02yD,r&b,urban contemporary,0.642,0.284,1,-15.317,1,0.0326,0.845,0.000234,0.113,0.439,147.874,310000,urban contemporary,0.44236691220107127,2.975341636121,41.996216
5imShWWzwqfAJ9gXFpGAQh,Waiting On the World to Change,John Mayer,74,1Xsprdt1q9rOzTic7b9zYM,Continuum,2006-09-11,Urban contemporary,1ZlL3IQS8eB0s0RMxz02yD,r&b,urban contemporary,0.577,0.756,2,-5.82,1,0.115,0.159,0.000232,0.249,0.663,176.75,201173,urban contemporary,1.3102230325424047,0.21031718212012945,133.623
1F7ZElvJAvWKQ7UaPXg9cF,Barefoot In The Park,James Blake,9,1LJE8ppunlaafUQzNJsxl2,Assume Form,2019-01-18,Urban contemporary,1ZlL3IQS8eB0s0RMxz02yD,r&b,urban contemporary,0.558,0.632,9,-8.339,0,0.284,0.832,0.105,0.198,0.519,161.764,211200,urban contemporary,1.1326144576801833,1.316453613206308,102.23484800000001
7qEKqBCD2vE5vIBsrUitpD,ilomilo,Billie Eilish,81,0S0KGZnfBGSIssfF54WSJh,"WHEN WE ALL FALL ASLEEP, WHERE DO WE GO?",2019-03-29,urban CONTEMPORARY,1nFfDHtp8RY3obgen8KODl,r&b,urban contemporary,0.855,0.423,5,-15.044,0,0.0585,0.724,0.469,0.0896,0.572,120.02,156371,urban contemporary,0.4947362634663585,1.7115798780617542,50.76846
6ogF3ObeDnJ7RBGn42mYKH,Opposite Ways feat. Fatherdude & S'natra,Brasstracks,20,6GfBARtHu9QmUraxH3V03X,For Those Who Know Pt. I,2017-10-20,Urban Contemporary,4425cRh83Uzor4qCRfM9lb,r&b,urban contemporary,0.576,0.871,7,-2.999,1,0.0991,0.00879,0.0,0.155,0.317,86.857,199803,urban contemporary,1.5121501525170964,0.010091836863562726,75.652447
3TeNkdbYRK8mGfvTMZtXBM,Teach Me,Miguel,40,493HYe7N5pleudEZRyhE7R,All I Want Is You,2010-11-26,Urban Contemporary,4Pbs84EQbuAblxlp6Chz0d,r&b,urban contemporary,0.631,0.63,8,-4.746,0,0.0719,0.086,0.0,0.138,0.551,120.007,322227,urban contemporary,0.9984136316741178,0.13650771982901613,75.60441
5dikapPlQPrsT3xUsUjj0N,Echoes Of Silence,The Weeknd,55,5EbpxRwbbpCJUepbqVTZ1U,Trilogy,2012-01-01,Urban Contemporary,4Pbs84EQbuAblxlp6Chz0d,r&b,urban contemporary,0.214,0.156,6,-17.515,0,0.0443,0.951,0.00797,0.101,0.132,75.654,240067,urban contemporary,0.7289685562216999,6.096114768495074,11.802024
4iVVU8DyQvOVsKafv3KWIF,Leave a Light On,Tom Walker,66,3Qa0qW4ged1J4HGeLXbFsC,What a Time To Be Alive,2019-03-01,urban contemporary,4WiB26kw0INKwbzfb5M6Tv,r&b,urban contemporary,0.585,0.625,5,-5.94,1,0.109,0.0146,1.8e-06,0.131,0.28,68.68,185863,urban contemporary,1.0683742420953126,0.023359962624059802,42.925000000000004
4J3hR8nrvYijnTjd195KG7,Say Something - The Four Performance,Zhavia Ward,49,6iQ6hPcv8TOgiq8XygKLqk,Say Something (The Four Performance),2018-02-02,Urban contemporary,1ZlL3IQS8eB0s0RMxz02yD,r&b,urban contemporary,0.252,0.396,2,-5.332,1,0.0298,0.84,0.0,0.112,0.127,97.609,228784,urban contemporary,1.5714223356256525,2.1212067646293824,38.653164
0ceeRNqbOzRiGE42KWSrRa,Into You (feat. Fabolous),Tamia,42,43QuYbSfbTjcsghwJyUnyP,More,2004-04-05,urban contemporary,7en9i0JMyJlRFX4r4XrXXx,r&b,urban contemporary,0.677,0.531,7,-7.683,0,0.0327,0.219,0.0,0.173,0.57,91.104,294093,urban contemporary,0.7843415297761746,0.412428601829375,48.376224
29zBeRiLVnkDEj7tvmLVOU,Fall In Line (feat. Demi Lovato),Christina Aguilera,57,7MfUiQkVEDkOSmU83A2C9q,Liberation,2018-06-15,Urban contemporary,1ZlL3IQS8eB0s0RMxz02yD,r&b,urban contemporary,0.39,0.631,9,-4.701,0,0.0769,0.209,0.0,0.277,0.197,123.042,248544,urban contemporary,1.617944569372899,0.3312197603490327,77.63950200000001
0LP3SUCVq4PYB4dEBZNqWN,Melanin Man,Brasstracks,26,6MBrVHj4jlZNHcMfDWOqMV,Good Love,2016-08-19,Urban Contemporary,4425cRh83Uzor4qCRfM9lb,r&b,urban contemporary,0.514,0.686,10,-4.991,0,0.207,0.0104,0.0,0.273,0.524,81.328,250521,urban contemporary,1.3346277536425026,0.015160327754624262,55.791008000000005
49QPLl3lfmX8iRMR9iTszN,Closer,JYWRRN,0,0RfCYFu1MtQs4sDhT4gos6,Closer,2017-10-20,Urban contemporary,0qOJuaqHeg4u1i6gjPKnxE,r&b,urban contemporary,0.414,0.323,11,-10.929,1,0.0588,0.565,2.23e-05,0.0946,0.194,130.307,236308,urban contemporary,0.7801913521948016,1.749220590648326,42.089161
72TyiiduRmczEbDIEtKQdR,Wasted Times,The Weeknd,18,3N88bRVAwQrtKqSV0UgU69,"My Dear Melancholy,",2018-03-30,Urban Contemporary,4Pbs84EQbuAblxlp6Chz0d,r&b,urban contemporary,0.562,0.674,10,-6.049,0,0.0851,0.622,2.04e-05,0.111,0.293,122.699,220293,urban contemporary,1.1992861222666862,0.92284729547879,82.699126
6mIC0zmQTsvOMfZ1YqQwLU,Be Your Man - Acoustic,Rhys Lewis,62,2GcQccE9hTDkOtddmIyIZf,Be Your Man (Acoustic),2017-08-11,urban contemporary,4WiB26kw0INKwbzfb5M6Tv,r&b,urban contemporary,0.65,0.197,9,-10.998,0,0.0554,0.887,0.0,0.107,0.354,79.838,203818,urban contemporary,0.30307645680545103,4.5025152156588035,15.728086
4F07ku5lMBIoybFPStM2j4,Suede,NxWorries,63,0K3FiXt6ekJTWaUku3LpHL,Yes Lawd!,2016-10-21,Urban Contemporary,4425cRh83Uzor4qCRfM9lb,r&b,urban contemporary,0.669,0.735,10,-7.264,1,0.329,0.459,0.0,0.103,0.723,117.284,174867,urban contemporary,1.098653066288391,0.6244889462735425,86.20374
1CJmTfrlU1d6FtAYNT36wD,Small Talk,Majid Jordan,50,7awpB1UEVeDF6h8mGMssTI,Majid Jordan,2016-02-05,Urban Contemporary,4Pbs84EQbuAblxlp6Chz0d,r&b,urban contemporary,0.803,0.452,0,-9.106,1,0.0382,0.0023,0.0,0.0743,0.197,99.993,259173,urban contemporary,0.5628884646469929,0.005088484317512572,45.196836
6gU9OKjOE7ghfEd55oRO57,The Weekend,SZA,76,76290XdXVF9rPzGdNRWdCh,Ctrl,2017-06-09,Urban Contemporary,4425cRh83Uzor4qCRfM9lb,r&b,urban contemporary,0.487,0.366,8,-9.405,0,0.0531,0.241,0.0,0.126,0.161,68.191,272187,urban contemporary,0.7515384978675609,0.6584681462618955,24.957906
26NX1wPt1TRCH536yocd6i,If I Were a Boy,Beyoncé,68,23Y5wdyP5byMFktZf8AcWU,I AM...SASHA FIERCE,2008-11-14,urban CONTEMPORARY,1nFfDHtp8RY3obgen8KODl,r&b,urban contemporary,0.632,0.518,6,-6.126,1,0.0313,0.107,0.0,0.354,0.427,90.007,249147,urban contemporary,0.8196189562991197,0.20656330779284207,46.623626
4c2xt1trwYZpMqPWY35Xi9,Jaded,Drake,68,1ATL5GLyefJaxhQzSPVrLX,Scorpion,2018-06-29,Urban Contemporary,4Pbs84EQbuAblxlp6Chz0d,r&b,urban contemporary,0.766,0.271,0,-5.697,1,0.0412,0.037,0.0,0.175,0.0371,116.02,262453,urban contemporary,0.3537854389224035,0.13653086150973612,31.44142
1TPLsNVlofwX1txcE9gZZF,We Find Love,Daniel Caesar,69,3xybjP7r2VsWzwvDQipdM0,Freudian,2017-08-25,urban CONTEMPORARY,1nFfDHtp8RY3obgen8KODl,r&b,urban contemporary,0.51,0.363,5,-8.635,1,0.0304,0.853,0.0,0.109,0.426,78.0,254919,urban contemporary,0.711763310268019,2.3498557855212523,28.314
0TiC3GtlMCskf2hIUIBcDV,Crew Love,Drake,51,63WdJvk8G9hxJn8u5rswNh,Take Care (Deluxe),2011-11-15,Urban Contemporary,4Pbs84EQbuAblxlp6Chz0d,r&b,urban contemporary,0.418,0.546,0,-9.057,0,0.238,0.227,0.0,0.229,0.294,160.152,208813,urban contemporary,1.3062169707727975,0.4157501543037467,87.442992
6SEolIp22t0DzeBfCBo3hr,Vibin' Out with ((( O ))),FKJ,66,0jJ7mMkCkTe7p9EJgSRxgi,French Kiwi Juice,2017-03-02,Urban contemporary,1ZlL3IQS8eB0s0RMxz02yD,r&b,urban contemporary,0.41,0.169,3,-11.422,1,0.0485,0.847,0.00327,0.117,0.208,89.494,311837,urban contemporary,0.41219411659971567,5.011804663877728,15.124486000000001
19YKaevk2bce4odJkP5L22,Nikes,Frank Ocean,72,3mH6qwIy9crq0I9YQbOuDf,Blonde,2016-08-20,Urban Contemporary,4425cRh83Uzor4qCRfM9lb,r&b,urban contemporary,0.543,0.394,8,-9.637,1,0.0864,0.695,0.000239,0.108,0.118,137.811,314075,urban contemporary,0.7255971904287468,1.7639549138200157,54.297534000000006
4r0GVpjSsKSR1biv4fOoa5,Me and Your Mama,Childish Gambino,4,4xnq1L6P551Qcb9gBXNMK7,"""Awaken, My Love!""",2016-12-02,Urban Contemporary,4425cRh83Uzor4qCRfM9lb,r&b,urban contemporary,0.556,0.45,5,-11.874,1,0.0338,0.0105,0.0483,0.0707,0.25,117.99,379227,urban contemporary,0.8093510623182332,0.02333328148159671,53.0955
3KhNltADertRRkqQ3IJ57D,We Are to Be,Chymamusique,6,1Unw6B7wD8nl4bRgBQm685,We Are to Be,2014-05-04,urban contemporary,7en9i0JMyJlRFX4r4XrXXx,r&b,urban contemporary,0.786,0.479,5,-10.501,0,0.0607,0.000999,0.0315,0.117,0.836,123.019,469771,urban contemporary,0.6094139829338638,0.002085590635510156,58.926101
1UZxI3ng9Dk1HndwvahyxQ,Only Everything,Quinn Lewis,49,0ZpUiZyACO69rPkGtWZsnP,Only Everything,2019-04-26,urban CONTEMPORARY,1nFfDHtp8RY3obgen8KODl,r&b,urban contemporary,0.521,0.566,2,-7.648,1,0.0454,0.212,0.0,0.109,0.387,87.753,172163,urban contemporary,1.0863702756808526,0.3745576421243072,49.668198
098tAg0yjz9ds5oys4MAPG,All In My Head,Tori Kelly,60,0cKsaZeZ7zxJWmP8haVHuf,Handmade Songs By Tori Kelly,2012,urban CONTEMPORARY,1nFfDHtp8RY3obgen8KODl,r&b,urban contemporary,0.675,0.506,6,-7.69,1,0.0857,0.105,0.0,0.0586,0.322,129.884,210895,urban contemporary,0.7496285190688605,0.20750947132515546,65.72130399999999
1RGsZfUwt2a6yLzL2yoj1X,Unsteady,X Ambassadors,59,5MEgrjkStq0JsQGO64Xvlq,VHS,2015-06-30,Urban contemporary,1ZlL3IQS8eB0s0RMxz02yD,r&b,urban contemporary,0.389,0.665,0,-6.169,1,0.0644,0.178,0.000732,0.116,0.199,117.055,193547,urban contemporary,1.7095071735034102,0.2676687704229016,77.841575
5uCax9HTNlzGybIStD3vDh,Say You Won't Let Go,James Arthur,85,7oiJYvEJHsmYtrgviAVIBD,Back from the Edge,2016-10-28,urban CONTEMPORARY,1nFfDHtp8RY3obgen8KODl,r&b,urban contemporary,0.358,0.557,10,-7.398,1,0.059,0.695,0.0,0.0902,0.494,85.043,211467,urban contemporary,1.5558615758056544,1.2477535946973162,47.36895100000001
04sN26COy28wTXYj3dMoiZ,Bored,Billie Eilish,76,4iyJ8i3eKbez8JXDbsHIdZ,Bored,2017-03-30,urban CONTEMPORARY,1nFfDHtp8RY3obgen8KODl,r&b,urban contemporary,0.614,0.318,7,-12.695,1,0.0478,0.896,0.00239,0.0795,0.112,119.959,180933,urban contemporary,0.5179144659373519,2.817601202511942,38.146962
3Xvu5uFWbyHd0qixrvIxxE,2PAC,BROCKHAMPTON,48,67smHJOf5YlFwad6dAlppm,SATURATION,2017-06-09,Urban Contemporary,4425cRh83Uzor4qCRfM9lb,r&b,urban contemporary,0.709,0.505,3,-8.627,1,0.212,0.503,0.000422,0.179,0.71,77.947,62375,urban contemporary,0.7122697993373776,0.9960376316086502,39.363235
2yQaw1JxH8OybLYAvU4mQP,Good Girls,Joe,46,7Kb0pU8LBYOoI6hoj7ajHJ,All That I Am,1997-09-23,urban contemporary,7en9i0JMyJlRFX4r4XrXXx,r&b,urban contemporary,0.697,0.514,8,-6.261,0,0.0384,0.279,0.0,0.089,0.741,144.175,297040,urban contemporary,0.7374451399639312,0.5428005003881315,74.10595
2MD2P7Jd4ZzF2VrbCrE8vU,Eyes Open,Gidge,29,09ti5FREd1D2fMJVXzRzkX,LNLNN,2017-01-13,Urban contemporary,1ZlL3IQS8eB0s0RMxz02yD,r&b,urban contemporary,0.609,0.37,7,-16.908,1,0.0992,0.268,0.815,0.112,0.0978,109.995,369929,urban contemporary,0.6075523685511189,0.7243223666963063,40.69815
35GxYxwMpE3UktOnjbyCLx,Fever,Brasstracks,39,0677r8EwQZEBBwbzqw80M6,Fever,2017-07-21,Urban Contemporary,4425cRh83Uzor4qCRfM9lb,r&b,urban contemporary,0.697,0.555,1,-6.119,0,0.0545,0.175,0.855,0.0386,0.737,91.939,239398,urban contemporary,0.7962685849805095,0.3153147471806356,51.026145
54zz2PbffoEYnTv7zAL0Yx,Ever After,Marianas Trench,34,5fHGpmtWhiS4ezzQW2wp4e,Ever After,2011-11-11,urban contemporary,4WiB26kw0INKwbzfb5M6Tv,r&b,urban contemporary,0.296,0.632,6,-5.93,1,0.0414,0.337,0.0,0.0878,0.179,129.881,394120,urban contemporary,2.1351279218651293,0.5332270043876512,82.08479200000001
4IdV6Dun39jOadZ6kRheQ5,Keep On Breaking My Heart,Seramic,39,3LbocNpMnmWcRcsyQJqpZw,Keep On Breaking My Heart,2019-02-22,urban CONTEMPORARY,1nFfDHtp8RY3obgen8KODl,r&b,urban contemporary,0.505,0.267,9,-7.372,1,0.0386,0.793,0.0,0.154,0.236,127.769,210352,urban contemporary,0.5287118243330211,2.970026329489403,34.114323000000006
1j4kHkkpqZRBwE0A4CN4Yv,Dusk Till Dawn - Radio Edit,ZAYN,81,5l5gR4rh26QI3fijGFTDrp,Dusk Till Dawn (Radio Edit),2017-09-07,urban CONTEMPORARY,1nFfDHtp8RY3obgen8KODl,r&b,urban contemporary,0.258,0.437,11,-6.593,0,0.039,0.101,1.27e-06,0.106,0.0967,180.043,239000,urban contemporary,1.6937918845275794,0.23112075258409023,78.678791
16IXvk7noDMknHNqmSYvwC,Sailing Away,AVEC,10,207TkAuFB7Zjb8JAZEWha7,Heartbeats - EP,2015-11-27,urban CONTEMPORARY,1nFfDHtp8RY3obgen8KODl,r&b,urban contemporary,0.528,0.258,7,-10.238,0,0.0394,0.653,0.000106,0.0882,0.121,121.328,256463,urban contemporary,0.48863543819045796,2.5309979418684425,31.302624
1gZADNt16Oh23jWyMYRk4p,Prisoner,The Weeknd,64,0P3oVJBFOv3TDXlYRhGL7s,Beauty Behind The Madness,2015-08-28,Urban Contemporary,4Pbs84EQbuAblxlp6Chz0d,r&b,urban contemporary,0.55,0.404,0,-12.755,0,0.0398,0.441,0.00022,0.11,0.329,135.016,274960,urban contemporary,0.7345441190106926,1.0915814564815434,54.546464
6X7qcg95CAeJpTjtg1wooM,&burn (with Vince Staples),Billie Eilish,68,7fRrTyKvE4Skh93v97gtcU,dont smile at me,2017-12-22,Urban contemporary,0qOJuaqHeg4u1i6gjPKnxE,r&b,urban contemporary,0.776,0.379,9,-9.351,0,0.331,0.213,0.00175,0.0969,0.346,82.531,179016,urban contemporary,0.4884014324723808,0.5620037941852396,31.279249000000004
3HM8FkEO4m2eumlg00fBje,Piano Song,Eryn Allen Kane,39,7sVyk1fdhhiBcguh15NN3N,Aviary: Act 1,2015-11-17,urban CONTEMPORARY,1nFfDHtp8RY3obgen8KODl,r&b,urban contemporary,0.469,0.518,0,-6.206,1,0.0526,0.669,8.59e-06,0.0869,0.163,59.381,255760,urban contemporary,1.1044752569823946,1.291503298256181,30.759358000000002
69btiejQOmpHxMEGuoQuQZ,Chinchetas en el aire,Los Delinquentes,39,1397WYVgrsmNBAhwSzGtGg,Recuerdos Garrapateros de la Flama y el Carril,2006-07-10,Urban contemporary,1ZlL3IQS8eB0s0RMxz02yD,r&b,urban contemporary,0.313,0.643,6,-8.285,0,0.0366,0.12,0.0,0.18,0.693,165.723,262000,urban contemporary,2.054306535761867,0.18662490416033567,106.55988900000001
3atqfvHwNUtXwWhhhkVBm7,Cocaine,Pink Sweat$,63,1llzc1UF5P65SVtH4Kg2x7,Volume 1 EP,2018-11-02,Urban contemporary,0qOJuaqHeg4u1i6gjPKnxE,r&b,urban contemporary,0.62,0.228,5,-12.336,1,0.0315,0.833,0.0,0.106,0.146,109.591,131500,urban contemporary,0.36774134235267364,3.653492747838825,24.986748
0Dy3aMQAna0aff0J7tud1M,Home,Teitur,27,6o0MkajQCaVD0bfODLQeEH,Four Songs,2012-09-03,Urban contemporary,0qOJuaqHeg4u1i6gjPKnxE,r&b,urban contemporary,0.455,0.203,0,-15.007,1,0.0453,0.949,0.000218,0.0895,0.154,116.901,201520,urban contemporary,0.44615286559809764,4.674853818454095,23.730903
